text,label
LCK에서 조선족이 나가는게 제 꿈 입니다 ㅠㅠㅠㅠㅠㅠㅠㅠㅠ,1
팩트) 페이커 쵸비는 ㅈㄴ 친하다. 기인은 제우스가 반드시 자신을 뛰어넘을 거라고 했다. 갈드컵 여는 애들은 방구석 처박힌 찐따들이다.,1
이거 게이머들이 경기할때 쓰는 헤드셋은 그냥 헤드셋이아니라헬리콥터 조종기 기수들 소음잡아줄때 쓰는 헤드셋처럼주변잡음 다빨아먹는 헤드셋인데그것마저 뚫고 사이온궁소리 씹어먹어버림..걍 헬리콥터 1대 파동 < 슼룡들 위기탈출넘버원 울음소리슼룡은 헬리콥터 1대와 맞먹거나 그이상이다..,1
카리스 작년에 2군갔다와서 좀 친다하지 않음?,0
어~ 팔팔이형이야 ㅋㅋ,1
유관 대 무관은 역시,1
진짜 페이즈는 팀원 버스타면서 잘하는척 오지네 ㅋㅋ,1
Ig는 얼마나잘하는거냐 ㄷㄷㄷㄷ,0
허 버 허 버,1
역시 스로잉 엄로저,1
티원은 못올라오는데 뭔 경기력임 ㅋㅋㅋ,1
좀 월즈좀 먹어라!!,0
해설 왜 그래 지금 위에 골드차이 안보이노 ㅋㅋㅋㅋㅋㅋㅋㅋㅋㅋ 악을쓰고 못본척하노 ㅋㅋㅋㅋㅋ,1
탑차이 ㅈㄴ 심하네 ㅋㅋ,1
대참사,0
뭔 상황임 대체,0
1557치면 ppt 따서 T1 프론터에 제보하겠습니다 치지 말아주세요,1
안딜 안나옴?,0
3용주면 진다,0
루시안밀리오 할 떄부터 질 것 같았음. 가끔 보면 페이즈는 본인이 룰러급인 줄 착각하는 줄;; ,1
88848이 뭐에유?,1
담붕이 신났노 ㅋㅋ,0
니코 신음소리 들려,1
LPL Gen.G 加油!!!,1
성캐로 바꾸면 디도스 안걸릴듯 ㅋㅋ,0
카메라맨 드가좌~,0
ㅋㅋ걍 무시하죠 ㅋㅋㅋ전캐 욕하는애들 수준떨어지는 88848애들이닌까 ㅋ,1
77757 나오겠네..,1
정~말 달콤해,0
댓글로 똥싸는 애들 수준 ㅠㅠ 인생이 많이 힘든가보네 힘내라,0
단단묵직,0
삼성다니는 친구가 젠지 모르던데 조금이라도 끌어모을라고 삼성꺼 가져와버리기 ㅋㅋ,0
88848,1
88848,1
88848,1
제카는 거품이 맞다,1
어쩌다가 커즈가 저딴팀에들어간거냐,1
에욱,0
불공정한 연습기회 운운하며 승자를 존중하지 못하는 그선수에 그팬분들 ㅋㅋㅋ 제발 님들 쳐발린 거 화풀이를 다른 팀들 경기 와서 하지 말아주세요 ㅠㅠ 진짜 한화팬들은 매너있어서 님들이 한화팬 가면써도 천박한 말투에서 다 들통나요~~ 그리고 제발 한화선수들 상대로는 범인찾기좀 하지 말아주세요,1
대 황 비,0
함성도 못하는 그들만의 스포츠 거북목 쭈ㅡㅡㅡ욱ㅋㅋ,1
젠지팬때문에 몇명이 피해보노,1
8 8 8 4 8 ㅋㅋㅋㅋㅋㅋ,1
우좀틀,0
구미유시 cs 봐라 ㅉㅉ 이게 프로임 ?,1
lck 하위 3팀은 그냥 없애고 7팀끼리만 리그하면 안되냐 ㅋㅋ,1
도란은 좀빼자,1
cs 멋대로 먹은 서폿한테 왜 pog를 줘야함?,1
이제 하다하다 농심한테도 쳐 지네 ㅋㅋㅋ,1
전글 뭐함,0
여기서 서폿이 시야 잡아줘야되ㅑ는데 .. 원딜이 저모양이니 자꾸 지켜줘야됨..,1
조용좀해라 진짜 교육을못받았냐 너네는,1
유미는 별로임??,0
젠지는 월즈는 무조건8강임?ㅋㅋ,1
주도하는질서그것은거역할수없어,1
와 이신,0
88848을 모르는 사람이 있단말야?,1
ㅇㅇㅇ4ㅇ,1
이래도 1557이,1
엄카 뭐하냐ㅋㅋㅋㅋㅋㅋ,1
럭키태윤,0
똥겐 ㅋㅋ,1
1557,1
누가이기든 5꽉가즈아,0
에포트 신인 치고는 잘 하네 신인상 노려볼만 하다 시간 되돌리면 lck 쓰리핏도 가능하겠다,0
어어?,0
오리 템 뭐냐 ,0
ㅋㅋㅋ 그 팀 팬 컷 당하는거 재밋네 ㅋㅋ,1
88848,1
쵸비는 팀원들 죽는동안 CS만 먹음?,1
대상혁,0
근데 3.1절 실패한날 아님 ? 왜 기념임일??,0
동부팀이지만 강팀상대로도 꺼낸 서커스같은 픽 그래도 이정도로 원하는거 한다는게 잘하는거네 듀렉스 그팀은 강팀상대로 서커스하지도 못하던데...,0
ㅋㅋㅋㅋㅋㅋㅋ케이티 졌다고 인터젯 끊는대 미쳣다,1
슼까 해야되는데 잘해버리니까 이젠 관중까기 시전ㅋㅋㅋ,0
콜미 콜걸모드 ㄷㄷ,1
"벤픽 이따구로하면 광동은 이번에도 꼴찌일ㄷ,ㅅ",1
저건 좀 억울할만하다 ㅋㅋㅋㅋㅋㅋㅋㅋ,0
"젠지전은 딱 하나야, 오너가 공챔가고, 제우스가 탱커 가는거",0
티원 시청자수 개거품이였네 kt랑했는데 차이가없노 ㅋㅋㅋㅋㅋㅋㅋㅋㅋㅋㅋㅋㅋㅋㅋㅋ,1
물론 상대가 프로라서 그런 것도 있겠지만 광물솔랭이렐같아,0
라스칼은 맨날 까다롭다면서 그팀은 항상짐 ㅋㅋㅋㅋㅋㅋㅋㅋㅋㅋㅋㅋ,1
88848 럼자오자레 영토완정,1
테디야 늙었으면 걍 쉬자,0
대퍼는 사람이 아니다 대퍼는 팀이다,0
gang gang gang,0
인사 대칭 안맞는거 개짜증나네,1
3대떡~~!,0
역시 익룡은 슼평 ㄹㅇㅋㅋ,1
캬,0
1557 0013,1
88848,1
바텀떄문에 맨날 용주네 ㅋㅋㅋㅋㅋㅋㅋㅋㅋ 걍 켈린 시야잡는것부터 에이밍 한타포지션까지 걍 노답임 ㅋㅋ,1
이렇게 잘하는데 젠지따위에 진게 수치네 ㅋㅋㅋㅋㅋㅋㅋㅋㅋㅋㅋㅋ,1
역시 LPL 킬러,0
또 젠도스임?,1
파이크 진짜 아무것도 안하네,0
잘흘렸다,1
슥갈은 언제나 남의 경기와서 혼자 쉐도우복싱 하누...,1
똥카 수준 ㅉㅉ,1
궁판정 진짜 씹사기네 ㅋㅋ,1
ㅇㅅㅇ,0
ㅋㅋㅋㅋ,0
물구 나무서고 한손으로 챗하니 딜레이 없네 ㄷㄷ 버그 발견,0
광동은 플옵이 롤드컵이라고 울수있음 ㅋㅋㅋㅋㅋㅋㅋ,0
숭배시간입니다. 페이커 등장시 '대 상 혁'을 입력해주세요. 띄어쓰기 유의 !!,0
클로저한테 퍼스트미드 내주고 솔킬 무수히 많이 당한 88848 그미드가 있다는데 사실인가요? ㅠㅠ,1
태윤드립은 치지마라 딜넣기전에 죽는앤데,1
여기는 1557 안쳐서 좋네,1
대황커즈,0
이거 급하지만 않으면 폭스가 이기겠다,0
담원 개못하네 ㅋㅋㅋ,1
광고를 그만 틀면 운영을 어캐하냐 진짜 능지 수준하고는,1
오늘 생방이냐?,0
얘 cs먹는 cs나하는데?,0
정훈 헤나는 확실히 맛있네,0
탈리야 길막으로 짤라 먹은게 몇 갠데 이걸 미드차이 탓을 하네 그 팬들 수준...그러니 88848 팬을 하지,1
윌러 베토벤 현상이라고 잠깐 귀에 이명들리는 질병이 있어요 ㅠㅠ,1
정글 체급차 에반데,0
ㅈㄴ 뚜드려맞네 ㅋㅋ,1
따이후앙찌엔 짜요,1
진짜 여기 채팅창은 브론즈밖에 없나? ,0
그래 우린 국제전 가져갈게 내수 너네 가져 ㅋㅋㅋ,0
걍 불이 이즈 존나 못하네,1
젠첩들 성희롱 돌았네 인간맞음?,1
겜 개판이네,0
정글망헀네,0
중국팀 응원하는 사람이잇음..?,1
짜증나니까 구마랑 비비지마 ,1
집중력좋다,0
여덟팔넷8에잇,1
아직 의심해라,1
ziee,1
디도스 ㅈ노잼,1
전캐형님 억텐 좀 제발.....,0
젠지가 월즈 우승을 한다? 말도 안되는 소리 기억해라 88848,1
ㅌㅊㅇ,0
그팀의 디도스공격 ㄷㄷ,1
아 월즈 우승하고 내년도 이멤버 리멤버 제오페구케,1
환불은 경기랑 상관없이 이미 해준다고 오피셜 뜬거고,0
오늘은 조용한 반응인게 좀 피곤해서 그런가?,0
"쵸비가 한화생명 식당밥 먹고, 안경쓰면 딜라이트랑 똑 같이 생김.",0
오늘 솔랭 금지 ㅋㅋ,0
세나 cs 레전드네 ㅋㅋㅋㅋ 프로 맞냐,1
늑대털이범 두두,0
ㅈㄴ 빨라,1
? 이게 왜 노 킹겐,0
운명의 ㅈ밥대전이노 ㅋㅋㅋㅋ,1
티원갤 이미 그분제외 범인찾기중,1
우스 선체파괴잨ㅋㅋㅋ,0
경기 왜 지연되고 있나요???,0
ㅇ어제부터 ...상위권 팀 경기력 미쳤네,0
경기시작할때 조합때문에 운영방식이달라서 편파적으로 들릴수있다고 이미말함,0
중국이 그렇게 좋으면 lpl로 가지 그러니 ㅋㅋㅋㅋ,1
젠지: 중국 영토의 무결성을 무조건 존중합니다,1
타잔 죽음의 드리프트 ㄷ,1
캐리아 개똥싸네 ㅋ,1
중국팀을 응원하는 한국인 아니 중국인들이 참 대단합니다,1
나보댜 티어 낮은 것들 다 닥쳐,1
아우,0
광동 미드 서폿이 다른라인도 다 죽이고 있음 ㅇㅇ,1
실비는 진짜 좀 심하다 ㅋㅋㅋㅋ 매경기 정글링만 하고있네 걍,1
역시 슼패는건 대황란ㅋㅋㅋㅋㅋㅋㅋㅋㅋㅋㅋㅋ,1
애쉬가 토나오게 판단력이 구리네,1
와 ㄷㄷㄷ,0
큐티하네 엑스큐트 ㅋㅋㅋㅋㅋㅋㅋㅋ,0
ㅍㅇㄹ,0
아우솔 카르마 이런거는 함정픽이네 연습때만 좋은거,0
짜장면집 vs 짬뽕집,1
쇼메이커 빼고 다 못하는데,0
ㅈ 사기챔ㅋㅋ,1
퍼펙트는 크산테 밴당하면 끝이네,0
콩버지,0
제우스>기인>도란>제우스 돌고 도는거 개웃기네ㅋㅋㅋㅋㅋ,0
롤드컵 결승보다 20배는 재미있네,0
뭐하노 리신 ㅋㅋ,0
888룰8,1
밴해줘서 고맙다,0
디도스 못걸어서 손발 덜덜 떨고있는 버러지면 가추,1
88848,1
클템왈 drx 55못해,0
88848은 커리어가 맞긴한가요?(진짜모름),1
굳이 ㅋㅋ,0
월즈 우승 어케했냐? 개못하네,1
88848,1
개똥텝,1
담원 왜이래됐노..,0
8목보호대 ㄷㄷ,1
축구 vs 광동,0
하 ㅜ 뷰어수 눙물난다 빨리 젠갈들아 니들 친구 중국애들좀 불러 ㅜ 티원22만인데…,1
진짜 밥대전이라 눈썩을듯,1
88848 쵸비는 페이커의 여드름을 해명하라!!!!,1
ㅁㅍ,0
이게 국대주전미드와 벤치의 차이인가 ㄷㄷㄷㄷㄷㄷㄷㄷㄷㄷ 넘을수없는벽 ㅠㅠㅠㅠㅠㅠㅠㅠㅠㅠㅠㅠㅠ,1
브리온은 신인을 둘이나 또갈앗네 정글이랑 서폿 ㅠㅠ,0
젠지 프론트 나라판거 인정 선수들도 한패임? 진심궁금ㅋ,1
잭스잭스 뽀삐털,0
롤 신 두,0
이렐진짜 중국인마냥 생겨서 보기 거북하네 ㅋㅋ;,1
난 오늘 한화가 이기면 그녀에게 고백할거야,0
구케 진짜 드릅게 못하네,1
케리아 pog 노리고 겜하네 ㅋ,0
룰러도 삼갤만 인정하고 젠지는 인정안하는데 ㅋㅋ,1
니코가 한번 터진거 빼곤 너무 잘해줘서 POG 가져갈듯 미드 6 탑 4 서폿 2,0
탑차이,0
진심 이즈는 쓰레기챔이다,0
슼평;;,1
이퀄 맞출 자신 없으면 진영 가르는 방향으로 써야 되는데 이도저도 아니게 쓰네,0
교듀스..,0
용준햄~,0
뷰어쉽 88848 가즈아~,1
아직도 해결 못한거 레전드 ㅋㅋ 얼마나 무능한거냐 ㅋㅋ 서비스업 일처리 진짜 드럽게 못하네 ㅋ.,0
역체미가 롤드컵을 한번은 들었겠지?,1
/싱크스,0
암튼 용에서 꼭 늦게 모이다가 겜가는건 안돼는팀 특징임,0
경기 안하냐?,0
하위권 대결은 누가누가못하나 느낌이라 재밌네 ㅋㅋ,0
엑세큐트 죠오온나게 못하네 2군 가야겠네,1
:face-green-smiling:그냥 게임 내내 서폿차이인듯 ㅋㅋ 딜라이트 >>>>> 케리아 :face-green-smiling:,1
벤치혁 디도스혁 화이팅!!!!!!!!,1
이제 88848 +8 이지않나 전시즌으로,1
2020년 코로나 한번 더 터졌노,0
0/5/5 미드 처참하게 박살나면서 졌지만 이악물고 페이커 수호할 슼갈이면 개추 ㅋㅋㅋ,1
티원은 젠지 육변기 아님?ㅋㅋ,1
이게 불?,0
쓱갈들이 조용히 좀봐라,1
졌잘싸지 상대가 담원이잖아,0
888룰8 888룰8 888룰8 국 제 전 무 관,1
스탠딩 메이지가 저래서 어려움...,0
아 뚱녀뭐야,1
고버지가 광동같은팀을 왜감 서부권팀이면가지,0
ㅈㅈ,0
구마유시가 흠이네 원딜만 바꾸면 티원 월즈우승 확정 아님?ㅋㅋ,1
오늘은 ㅇㅅㅇ 없어서 좋네ㅋㅋ,0
888룰8,1
1557 채팅 할시 헌법재판소에 고소합니다. 합의 선처 안해준다,1
ap가 많으니까 더 힘드네 한화 ㅋㅋㅋ ad는 4ad여도 되는데,0
어제 2대0으로 찌발려서 그런가 ㅎㅎ 그 분들이 많이 긁히셨네~~ 힘내세요~ ,1
오렌지 젠지맛네 ㅇㅇ 미드원딜 투툴팀,1
농심 피오지 지우인가요?,0
오너어디감?,0
1557 ㅋㅋㅋㅋㅋㅋㅋ T1 팬들 잘가요~~ ,1
3315(2014년 나진 화이트 실드가 OMG에 패배한 뒤로3315일만에 LCK(젠지)가 중국인 5명 팀(BLG)한테 패배함),1
켈린 사람이냐 ㅋㅋㅋㅋㅋㅋㅋ 저걸 못맞추네 ㅋㅋㅋㅋㅋㅋ,1
수준뭐냐,0
대놓고젠지가이기는데예언자ㅇㅈㄹ,1
kt도 별로긴하네.. lck는 걍 티원 젠지 투툴리그 ㅋㅋ,1
숫자 못세는놈 하나있농,0
1557이나0013이나 그게 티원 스타일이다 잘못 풀리면 들이박는식 그런게 있어서 얻는것도 있어서 4회 우승한것,0
ㄹㅇ ㅈㅂ대전 아니냐 ㅋㅋ,1
1557 기록한번 깨자!,1
미드 5벤,0
벽딸 뭐고,1
젠짱 짜요 ?!,1
강한 미드가 강한 정글을 만든다,0
ㄷㄷㄷㅈ,0
반짝반짝 모드,0
짜요~,1
광동경기 합니다 무관중으로 발표났어요,0
ㅇㄹㅇㄹㅇㄹ,0
젠첩 슼갈 모두 조용히 해주세요 여긴 광동의 방입니다,1
루시안이진짜못하네,1
무관엔 이유가 있다 개기인 우승하지마라 꼴보기 싫은 선수,1
직스전략,0
그미드는 오늘도 기인버스탐?ㅋㅋ,1
궁 너무 대충 쓰네,0
"와,,,",0
"세나 왜 cs 안먹는거야 다이아가 해도 저거보단 더 많이 먹겠노,,,,,...구마유시는 세나하지말고 징크스만하면 안되????세나 할줄모르네 진짜 개답답해서 못보겠어.세나해야 되는판이면 래클래스가하게하자 구마는 세나너무못하는거같아 티원팬이여도 이거는못바줄거같아",1
"프차비 1000억받고 더 받으려고 드릉드릉하는 라코가 디도스 방지를 못함. 자기들은 장비탓하는데 디도스인거 뒤져도 인정못하죠 ㅋㅋㅋ 1000억받아먹고 디도스 방지도 못하고, 인트라넷도 안쓰다가 수욜 디도스걸려고 시험삼아 걸어본 디도스에 게임 터지는 라코수준. 도대체 1000억받아다 어따썼노? 책임? 무능한거에 대한 책임져야겠지",1
이방은 1557 하는애들 없어서 좋네 ㅇㅅㅇ,1
지금 이게 라이브라고? 오늘은 또 무슨일이 있던것인가,0
1557 3대0 커어어엇!!!!!!!!,1
은호는 이마에 농사지어도되겠다 몇평이냐,1
괜찮아 어차피 또 8강딱 할건데 ㅋㅋ한잔해~,1
"""이겨""",0
맨날 광탈하는데 뭘 우승이야 서현아 멍청한거 티낼래?,0
분탕의 시초가 젠지 ㅋㅋㅋ 티원까면 젠지챈이 되는 기적 그냥 티원은 슥갈빼고 모두가 싫어한다니까? 역체갈들아 ㅋㅋㅋ,1
이정도면 패치 대비도 못한거고 그냥상대 깔본 밴픽밖에 안되는듯,0
시원한 박치기전 나올줄알았는뎅 많이 안싸우넹~,0
구마랑 지우랑 바꾸고싶을 T1팬이면 개추,1
광동ㅋㅋㅋㅋ,0
왤케 웃기냐,0
훠훠,0
오늘도 외칩니다 88848,1
쵸없페왕 = 쵸비없으면 페이커가 왕이야 ㅋ,1
아 ㅈㄴ재미없다진짜,1
세나노탤 하나라도 막아야자 않냐..,0
아지르 카운터 다짤렸네 할만함,0
젠지는 트로피도없으면서 왜별달고있음?,1
젠지 열화판한테도 지네 티원 ㅋㅋㅋㅋㅋ,1
오너 가오 잡는것만 빼면 참좋은데,0
익룡 ㅈㄴ 시끄럽네 ㅋㅋ,1
ㅁㄷㅊㅇ,0
중그팀한테 지네 그만 본다 ,1
아 우르곳 인기 올라가지말라고!!! 안돼!!!,0
젠지만큼 압도적으로 이기지는 못하네...쩝...,0
"티원은 제우스, 페이커, 케리아로 돌아가는 팀인데 오너 없어도 됨 ㅇㅇ",1
이번엔 광동이 후반에 더 좋으니깐;,0
지들이 삼겔 손잘 치다가 국제전 무관하니까 끌고 들어오는데 삼전 모독하지마라,1
비디디 겁나 못하는데 4대미드 맞냐,1
콜미가 아니라 콜걸이었노ㅋㅋ,1
든버지,0
이래도 888488888888888 나올거 같으면 개추,1
경기는 녹화가 맞고 해설은 실시간이 맞음 선수들은 경기 끝나길 기다리면서 인터뷰 대기중입니다,0
젠지는 그냥 나가리네,1
살 많이빠졌노 김정수,0
티원이 젠지한테 쳐발리는거마냥 숨도못쉬노 ㅋㅌㅋㅋ,1
/킹겐시점,0
진짜 너무하네,0
제전파 무빙 봐라,0
대 황 넛,0
똥 vs 설사,0
황금아리 뭐함?,0
내수용 젠지,0
88848 ㄹㅈㄷ,1
젠지가 삼성과 무관하다고 예전에 이미 입장 냈었습니다,0
광동 화이딩,0
디도스 젠지가 건거임? 음해 ㄴㄴ,1
켈황 ㄷㄷ,0
티켓팅 다시해야겟네,0
젠지는 월즈 4강이라도 해볼려면 룰러 데려와야 하지 않나요? 룰러 없으면 8강 따리잖아효...? ㅋㅋ,1
POG 디도스,0
/채팅 제한 2,0
6천차이 바로 따먹히노,1
또,0
슼카이 ㅋㅋㅋ,0
이래야 오너지,0
날 리 어 ,0
88848은 일부로 하는거임? ㅋㅋㅋ,1
그냥 던지노 ㅋㅋㅋ,0
88848,1
구마는 진짜 원딜 개못한다 cs 모냐,1
서폿이5픽해야하는 세상 ㅎㅎ 픽먼저 가져가는게 전략인 메타네,0
백도어가는 판단이 맞냐 이게 ㅋㅋㅋ,0
결승 상대 티원 개꿀~,1
플퀘 마음다잡고 다음경기 준비하자,1
혜지눈나 남편 쥰나 부럽다 ㅇㅅㅇ,1
얼굴 가리노 ㅋㅋ 꼴박게,1
씨맥 <<< 감독그릇 X,1
왜 발작하냐 아직도 롤드컵 미련못버렸냐 ㅋㅋㅋㅋ 뭔 if 드립이여 야 그렇게 따지면 북한에서 김정은 안태어났으면 통일됨 ㅇㅋ?,1
롤알못들 개많네ㅋㅋ,0
하늘이 우리를 돕는데..? (88848),1
이게 롤파크야 도서관이야~,0
제리에 바람용? 못 막는다 ㅉ,0
임신공격 ㅋㅋ,1
찌엔쥐 월즈 챔피언 타이틀에 열등감이 너무 심해ㅠㅠ 잘했으면 BLG한테 졌겟냐,1
와 저게 안되네,0
제카닉 33업 ㅋㅋㅋ,0
진짜경기나온다,0
구마제리로 후반 누워도 이긴다는 생각이 안드네 ㅋㅋㅋ,1
해설이 진짜 어려운 직업이구나..,0
에이 구라치지마 어케 5년 커리어가 88848이야 진짜 ㅋㅋ,1
디도스도 빨간날은 쉰다,0
디도스 하나 못막고 장난하나 진짜 ㅋㅋ 안잡고 뭐하냐?,1
계야후가 누구임??신인임?,0
부드러운 쵸비,0
그미드 pog빵점인데 초비는 pog가 일상이노 ㅋㅋㅋㅋㅋ ,1
여기쵸비맘들겁나많네ㅋㅋㅋㄱㅋ,1
요즘은 티원도 이꼬라지네 ㅋㅋㅋ주작이녀,1
씨맥은 빠다 드는게 아니고 맞아야 할 것 같은데 1세트 발리고도 카르마를 또 시켜?,1
기인도 폼 다 떨어졌네,1
대 황 불,0
제카 지린다 역시 5대미드,0
저딴 경기력인 팀을 응원한다는게 참 ㅋㅋ,1
태윤 어디갔노 ㅋㅋㅋㅋㅋㅋ,0
아지르 ㅈㄴ 못하네 저게 수십억이라니 ㅋㅋㅋㅋㅋㅋㅋ,1
브리온도 카리스 교체 좀 해라 광동 태윤 바꾸고 다른팀 됐다,1
근데 진심으로 태윤 승부조작 조사 들어가야하는 거 아님 ?,1
젠지 시청자 6만명 ㅋㅋㅋㅋ 노잼이라 아무도 안보쥬 ㅋㅋ,1
쵸비 그냥 갖다던지네 ㅋㅋ,1
표기오류입니다~,0
어디 서민이..!,0
ㅈㅈ,0
3핏이 뭐 별거라고 자꾸 보여주냐,0
고버지ㅜㅜㅡ,0
젠지랑 5꽉간 딮기 맞냐? 경기력 처참하네 ,1
황사장 미쳤다,0
페이즈 유미가먹어서 좋아할듯 ㅋ,0
LPL 따운~,0
찌밥대전이네?,1
디도스빨이네 한화는 ㅋㅋ,1
88848은 뭐임?,1
다이브? 설마,0
젠지팬들이 디도스 걸었다는게 맞음?,1
챌린저 일겜임 ㅋㅋ?,0
본인 젠지팬이난데 T1경기엔 분탕침 ㅇㅇ 젠지보다 T1이 더 싫기때문,1
녹방이라고 lck 공지좀 쳐 읽고 오세요ㅋㅋ,1
용가져와서 5분벌었음,0
디도스는 젠평,1
삼가 리그오브레전드의 명복을 빕니다...,0
제카가 메이지챔 너무 못함,0
쵸비는 잘버티던데..,0
대상혁은 영원하다 범부들아,1
농심 탑다이브에서 교환나오고 그 이후로 하려는 거 다실패함.. 그렇게 전부 실패할 수가 있나?,0
ㅈ밥대전 잼겠네,1
뭐야 오늘 중국팀 경기가 있네,1
7ㅣ인거 ,0
1557은 전설이다 다시는 나올 수 없는 기록,1
전용준할배 나오면 스피커 끄고 본다,1
누구 취향 반영한거냐 이건,0
오리아나가 왜 앞라인에 서냐 ㅋㅋㅋ 진짜 불독수준 미치겠네 아트는 완전 삥돌아와서 그냥 걷다가 한타끝나고 애휴 ㅋㅋㅋㅋㅋ,1
대상혁,0
포지션이 좀 이상했음,0
88848,1
쇼메이커<<이미 충분히 추해졌으면 개추,1
걍 브리온은 팀 해체하면안됨? 인기도없고 실력도 없고 왜있는 구단임??,1
3대떡으로만 지지 말자 ,0
어디 무관 따위가 나대냐,1
광동 따운,0
젠지 4강딱 나이스 ㅋㅋ,1
클로저 보다 못하는 미드가 서부팀에 있다고?,1
삐뽀 개마싯다,1
마나관리 생각못하는 프로라..,0
아아악 엘씨케시이의 호령이 젠지가!!!!!,0
아니 근데 얘네 내부망이 없는거야? 1000억으로 인트라넷 안만들고 뭐했냐,0
뉸썩네그냥 ㅋㅋ 티원경기만매일해라,1
진짜 ㅋㅋㅋㅋ광똥진짜 ㅋㅋㅋ미쳤네,0
재경기냐?,0
티원은 관중들없으면 관심 못받아서 개못해짐,1
오자룡 ,0
ㅈ 노잼이네 진짜,1
응 무관따리 ㅋ,1
오우 카밀,0
밥형 저렇게 밝게웃는거 처음봄,0
하늘이 우리를 돕는데..? (3315일만에 중국팀한테 지면서 '8강'딱을 하며),1
세리핀자체도 아근사거리증가시키고 유지력도 좋고 세나라 닥후반은 광동임,0
오너 빠따맞아서 못온다네요..,1
역대급 미드차이 like 88848,1
캬,0
Kt 대떡 가즈아,0
대황비,0
와 이정도면 승부조작아니냐 진짜..?,0
이 조합으로 이기네ㅋㅋㅋㅋㅋㅋㅋ,0
슼룡 ㅋㅋㅋㅋㅋㅋㅋ,1
표식 ㄷㄷㄷㄷㄷ,0
하이브리드 아녀? 5ad까진 아니고,0
젠지뻬고 다걸리는 젠 도 스,1
어라 kt가이겼네 ㅋㅋㅋㅋ,0
쵸비 닉이 페이커였으면 받을수있을텐데,0
ㅋㅋㅋ클템 ㅋㅋ,0
속보) 클템 솔랭중,0
제발 골딱이들 훈수좀 하지마라 챌한테 훈수를 하고있노 ㅋㅋ,1
티원 다 이겨놓고 상체 트롤짓해서 개같이 멸망 ㅋㅋㅋㅋㅋㅋ,1
1557,1
티원 개발리겟네,1
제발 응원 할거면 좀 제대로 하자 ㅋㅋㅋ 못들어주겟네,0
뚜벅이챔 하는 제우스 + 오늘 최저점 뜬 오너 + 메이킹 안되고 포킹못하는 코르키 뽑은 페이커,1
카리스가 뭔짓거리를 했는데 아칼리를 못끊어준거?,1
자적자 재밌노,1
맞을라고,0
이래도 88848 럼자오자레가 아니네,1
T1 따잇~~~~~~,0
젠지 짜요,1
ㅋㅋㅋㅋ,0
6.9,1
.무조건 선궁열고 여차하면 플까지박았어야했는데 마오가 아쉽네,0
따흐흑 든버지,0
티원 욕하면 무조건 젠첩이냐? 디뿡이는 무시하나 ㅠㅜ,1
88848은 5년동안 이뤄낸거임ㅋㅋㅋㅋㅋ,1
끝났다,0
게임에서 정치이야기하는놈 특징 백수 여드름120키로,1
DRX 팀네임 볼때마다 극혐... 드래곤액스라니...,1
88848,1
3분남았네 담타~,0
888룰8,1
ㅈ카ㅋㅋ,1
"중국 영토의 무결성이란? 대만, 위구르, 홍콩 폭력 탄압의 기초이며 민주주의 국가 대만을 불법영토점거 폭도로 규정짓는 말이다. 이 영토의 무결성을 지지하는 젠첩은 공산주의자거나 이걸 이해 못하는 저지능일 확률이 높다.",1
라스칼 진짜 애쓰네,0
이방은 1557 하는애들 없어서 좋네 ㅇㅅㅇ,1
익룡갈팬들은 아닥! 차렷!,1
티원 올라가봤자 어차피 젠지한테 개털릴텐데 ㅋㅋ,1
l,0
슈발 ;;;;,1
안아퍼ㅋㅋ,0
화난 젠선족 많네 ㅋㅋ,1
킬 스틸 켈황ㅋㅋㅋ,0
lck따운,0
폴루 잘했네,0
박치기공룡 승,0
오너 급발진 ㅋㅋㅋ,0
아오... 퍼즈로 기다린 시간이 벌써 1557은 넘겼겠네...,1
놀이터 우승하면 뭐함 ㅋㅋㅋㅋ 국제전 가면 또 중국한테 대주는데 ㅋㅋㅋ,1
근데 올해는 왜 객원해설 안함,1
켈황은 역시 켈황ㅋㅋ,0
플퀘,1
그냥 응원이나 하지 서로 깍아내리기 바쁘네 인생업적이라고는 키보드치는거말고없는애들이 ,0
쵸 비 상!!!!!!!!!,0
ㅁㄷㅊㅇ,0
진건 한화인데 왜 젠지팬이 화가 나신거죠?(지짜모름),1
우원페~,0
야 니들 카밀 위치 봤냐??,0
아 클템 찍어찍어 ㅈㄴ 기대 되누ㅋㅋㅋ,0
알리 상태가...,0
게임하나졌다고 질질짜노,1
????,0
중첩된다고?? ㄷㄷ,0
캬~,0
짱지 참교육 드가자~,1
신인이슈,0
케리아는 진심 거품임. ㅋㅋ,1
똥마유시,1
ㅋㅋㅋㅋㅋㅋㅋㅋㅋ바들바들,0
물소들 뒤지게 많네,1
캬~,0
목격자 쇼뭬이캬,0
우디르진짜 ㅋㅋㅋㅋㅋ 와 내가해도낫다,0
젠지한테 다털리는 lck수준 ㅎㅎㅎㅎㅎ,1
디플렁스 KI5 ㅋㅋㅋㅋㅋㅋㅋ,0
월요일까지 경기하나요 ....?,0
윤수빙,0
drx 브리온은 진짜.. 그냥 나가라,0
불독이 진짜 레알 문제임. 롤에서 미드가 진짜 중요한데 얘가 그냥 팀 전체에 디버프 거는 듯,1
오늘 실버들 솔랭 조심해라 내가간다,0
지민누나 ,0
진심 토나오게 못한다,1
ㅋㅋㅋㅋ ㅈ밥대전,1
구마유시야 한번만하자 너가 못하면 져 ㅜㅜㅜ,0
불경 아트는 q 4번쓰는거와 같다,0
88848,1
킹겐보고 탑태윤이라 하지 마라 태윤은 고점 올라가면 떡상인데 킹겐은 그냥 지금 저점 개심한 떡락임,1
고벨류 gdb 88848 ㄷㄷㄷ,1
잭스 해줘,0
골드차봐라 ㅋㅋㅋ 엄대엄,0
따이후앙비 ,1
스몰더 궁없으면 노 엄이임?,1
야요이 미츠키 엉덩이 지림,1
아니 tq 또 대상혁 이야!!!!,0
루시드 씹캐리네 걍,1
88848,1
8목 보호대...??,1
후반가면 누가 유리하지,0
세나 cs드립치는애들 늙은 틀이다 놔둬라,1
프로게이머 체형이 따로있는듯,0
거짓펜타 ㅋㅋㅋ,0
ㅋㅋㅋㅋㅋ,0
어어 사람들 잡혀간다,0
하늘이 우리를 돕는데..? (3315일만에 중국팀한테 지면서 '8강'딱을 하며),1
T대떡 담기한테 떡발리고 MSI광탈ㅋㅋㅋㅋㅋ,1
피넛 개못하네 ㅋㅋㅋㅋㅋㅋ,1
대상혁,0
물주님 ㅎㅇ,0
윌러필패,1
와 구마유시 프로맞냐 ㅋ,1
젠지는 맨날 쳐눕는픽만해서 재미가없음,1
1557 ,1
야 우냐?,0
와.......,0
와 ㅈㄴ 못한다 ㅋㅋㅋㅋ,1
모넥톤 ㄷㄷㄷㄷ,0
이렇게 하면 0대12가 나오긴하네ㅋㅋ,0
근데 구마 잘못 없지않나?,0
클로저는 ap미드도 못해서 ad미드 줬더니 그마저도 못하면 어떡하냐? ㅋㅋㅋㅋㅋㅋㅋㅋㅋ,1
아오 팔팔이형!!,1
어우..제우스 요새 잘하니까 뭔가 카리스마 있어 보인다;;,0
"사과 이후에도 잘못을 진심으로 뉘우치기는 커녕 트할과의 2번째 마찰에서 또 '유튜브 각 재냐', '나한테만 X같이 군다.'라면서 구마유싴ㅋㅋㅋ",1
젠지 왜 별이 두갠가요?,0
용준좌 센스 :thumbs_up:,0
아오,0
제카는 진짜 거품으로 스카웃 쵸비 페이커 다 잡음 22에,1
아시아 쏜,0
태윤 행동 ㄷㄷ,0
1557-88848,1
테디 폼 나락갔네,1
캬,0
불독 상황파악못하고 아펠밀리오 무는거 개역겹네 ㅋㅋㅋㅋㅋㅋㅋㅋ,1
똥너 ㅋㅋㅋㅋㅋ,1
킹겐이 KT 갓으면 진짜 완벽했는데,0
탈리야 쵸비임? ㅈㄴ못하노,1
3시시작임,0
한화 경기 또 해요? 이거 2군인가요??,0
젠첩들 화 많이 났노 ㅋㅋ,1
역시 뚱러 ㄷ ㄷ,1
ㅈㄹ 안할꺼면서ㅋㅋ,1
t1 벌써 6연패라며?,0
이것기 운영인가 ㄷㄷ,0
동부권에서 광동 대악마는 유일하게 FOX밖에 없음,0
제발 쵸비좀 쇼메한테 그만비벼 ㅋㅋㅋㅋ 아무리 쇼메가 내려쳐도 월즈우승 쌉캐리 미드다 ㅋㅋㅋ 쵸비는 제발 월즈우승부터 하고 오자..,1
저게 챔프냐,0
내가 진성티원팬인데 그걸 모를까> 그떄 국내대화 계속 이기던게 티원아니냐? 그때 T1 대가리 박살난애들이 타팀 까고다녔잖아 국내우승하고,0
스읍2 나오겠노 ㅋㅋㅋ,0
1557,1
티원우승가자,0
재미없다,0
농락하는거 같은데 ㅋㅋㅋㅋㅋ,0
엄앵란 캐뤼 ㅋㅋㅋㅋ,0
이번 오너가 너무 안일하게 하다가 짤린게 컷네,0
민석이 플옵때부터 상태가 영 파이노,1
어제 KT한테 쳐발려서 빡친 머저리 젠지팬 있나요 혹시 ??,1
1557하는 젠지팬들이 더 역겨워 미안한데,1
칸나 소식없나요?,0
이길확률 0프로,0
왜 울먹거리심,0
팩트) 페이커는 국대 벤치이다 ,1
윌러 갓,0
888,1
엑스큐트는 못하는게 아니라 잘하는게 맞는데 뭔 개소리냐,0
도찐개찐,0
1557 용사들 약팀상대로 신났네 ㅋㅋ,1
동체원 헤나,0
88848 정우야 고소해줭,1
T1은 졌는데 입 왜열어? ㅋㅋㅋㅋㅋㅋㅋ 이기고 말하세요~,0
솔직히 DRX랑 엄대엄 보고 티원플옵기대안되면 개추 ㅋㅋㅋ,0
원딜 씨에스차이 뭐임...?,0
티어실명제 시급하다 똥냄새 ㅈㄴ나네 ㅋㅋ,1
아지르 시에스병있나 왜 합류안해서 지는거?,1
우디르 템가지고 뭐라하는 사람들은 진짜 우디르 모르는 사람들임 ㅋㅋ,0
퍼펙트 물건이다 진짜 탱키함 + 집중력 + 한타력까지 미쳤다,0
울프가왜?,0
몬스터는 ㅋㅋzzzzz,0
우와,0
ㅁㅍ,0
88848,1
그냥 말했잖아 ㅋㅋㅋ 젠지 그냥 골드급이라고 ㅋㅋㅋㅋㅋㅋㅋㅋㅋㅋ,0
어? 허허 나이스~,0
888848888 길게쓰면 벤안먹습니다 ^^,1
팩트)젠지는 쓰리핏을 했음에도 유일하게 국제전 무관이다.,1
프로는 P인데 ㅋㅋ,0
1557,1
88고소충들 ㅋ니들끼리 고소해랔ㅋㅋ,1
ㄹㅇ씨맥 맥문철도 하는게 맞나...? 다마딱에 육성도 못하고 밴픽도 특출나지않고,1
88848 무관 중국팀 드릉드릉 짜이찌엔지 ㅋㅋㅋㅋㅋㅋㅋㅋㅋ 하나의 중국 짜이찌엔지~,1
1557 88848 치시는분들 ppt 케첩떠서 핫도그로 보냅니다.. 조심하세요.. 최후의 경고입니다..,1
0ㄷ13,0
88848,1
ㅊㅊㅊㅊ ~~~,0
님들 저 어떡해요??? 수능성적 88848 나옴 인생망한거아님?그냥자살할까요제발대답좀ㅠㅠㅠㅠㅠㅠㅠㅠㅠㅠㅠㅠㅠㅠㅠ,1
엄라이트,0
전령 LIVE ㅋㅋㅋㅋㅋㄱ,0
불독은 개못하잔아,1
도란말고 차라리 기인 데리고 오지 ㅉㅈ,1
한화한테 개쳐맞고 찡찡대는 고트가 있다?,1
벤치견이 뭐임,1
그냥 쇼메 폼이 더 살아나야,0
아니 세나 골라놓고 탐켄치가 단식을 처하고있네 ㅋㅋㅋㅋㅋㅋㅋㅋ 세나 왜한거냐?ㅋ,1
ㅈㄴ 지저분하노 게임 ㅋㅋㅋㅋㅋㅋ,1
4년 팀합맞추고도 지는 팀이 있다~?ㅋㅋㅋㅋㅋㅋㅋㅋㅋㅋㅋ,1
2군경기인가요?,1
핑뚝 왜 보여줌,0
채팅창 창내고 있는건 너아냐?,1
ㅈㅈ,0
벤을 얼마나 쳐맞았으면 애니를 꺼내냐,0
슼평ㅋㅋㅋ,1
88848의 그4도 상대가 DK여서 올라간거임.. 레알 내수전용,1
시청자수 꼬라지봐라ㅉㅉ 쵸비없었음 lck는 진작 망했을듯... 쵸비경기는 시청자수 기본 10만인데 쵸비는 확실히 한달연봉 100억값하는거 같음 페이커와 다르게,1
ㅈ밥들이 플옵가면머하노 어차피 깔개용인데 ㅋㅋ,1
이정도면 광동 저력보여줬다 할만하다 당장은젠지못이길거같긴했음 ,0
케리아 잘하긴한다;;,0
이래서 티원 팬들 꼴보기싫음,1
오우 ,0
아무것고 안할거면 걍 빼,0
타팀 비하는 슼갈들 전문이지 ㅋㅋㅋ,1
대 황 제 리,0
ㅋㅋㅋㅋㅋㅋㅋㅋㅋㅋㅋㅋㅋㅋ신입새기가 어디서 따봉질이냐,1
진짜 쵸비가 잘하긴 한다 ㅋㅋㅋ,0
오늘이 빅매치지 한화는 이겨놓고 슼이 지길 바래야하는 상황 ㅋ,0
라스칼 요새 잭스못했나보네,0
88848,1
대 황 란,0
ㅋㅋㅋㅋ그렇지 아무도 젠지라고안함 삼갤이라고하지 ㅋㅋ왜젠지는 별2개는달고있는가??ㅋㅋㅋㅋ,1
두두개못하네,1
작년에도 갔는데?,0
우리가 뭐라 할수있는 실력이 아니야 ,0
"근데 진자 개노잼이였는데,,..",0
킹겐이 니들보다 잘해 제발 아가리해,1
똥카 머하냐?? 그냥 바이퍼 버스 타라고,1
ㅋㅋㅋㅋ 도란,0
광동 당신은 도대체,0
또 플리키뱅 노래 트네,1
짜이찌엔!,1
0:0아님?,0
전용준 좀 그만해라 얼마나 해먹냐 일좀 줄여라,1
귀여웤ㅋㅋㅋ,0
이걸끊어 ㄷㄷ,0
용준이야 말로 월급 루팡이지 뭔소리야,1
알리빼먹기 쉽다,0
강Xㅋㅋ,0
실비 실수 겁나하네[,0
굿바이 콜미...,0
오리도 밴해야하고 코르키도 밴해야하고,0
테디도 폼 다죽었네,0
체급의한화생명사랑해,0
장로 프리딜,0
쵸비아리랑 클라스차이 너무나긴하더라 ㅋㅋㅋㅋㅋㅋㅋ10명다 못해서 받은듯,1
불독이할땐 개쓰레기같았는데 코르키가 저정도였나?,1
핑 또 888까지 뜬거야?,1
와 ㅋㅋㅋㅋㅋ,0
어 이러면 기인 해리케인이 되는건데....,0
fox 1-1 일껄?,0
재밌는걸보니 젠지가 졌네 졌어,0
역시 압박은 켈황,0
무빙 지리네,0
씨맥 제자명단 = 쵸비 케리아 도란 표식 데프트 타잔 바이퍼 등등 엄청 많음 씨맥은 명장이 맞음,0
1667 88848,1
페이즈 개못하네,1
안딜 말고 2군 콜업해보지.. 안딜 이번만 그런거면 그러려니 하는데..매판마다 똥싸네..,0
저래서 웃었네 ㅋㅋㅋ,0
씨맥은 밴픽 참 어렵게간다 ㅋㅋ,0
옵젝좀 챙겨라,0
젠지는 lpl아님?,1
그 미드랑 역시 다른 쵸비 1557,1
궁금한게 왜 그팀경기만 안걸리나요??,1
국대에서 페이커 밴치보낸 쵸비가 새삼 대단힌다,1
깐마유시 ㅋㅋㅋㅋㅋㅋㅋㅋ,0
BLG에 멸망 당하고 젠까스 펀치 능욕 당하면 어떤 기분임?,1
퍼펙트 닉넴 부터 바까라 퍼펙트는 무슨 늬미,0
애디의 명륜진사갈비턴도 못하는 LCK 수준 봐서 뭐하냐. 순수실력은 애디가 최곤데... 롤판 망했다 애디도 알아보지 못하는 리그...,0
준위드립모르나 찐이네ㅋㅋ,1
Dk 판단 레전드 ㅋㅋ,0
대 상 혁,0
이거 정글차이인가,0
농심의 콜미 경기력이 너무 무생무치함...오늘 브리온 대악마 역활하기엔 부족한듯...미드차이 과관이다 밋천 다 들어놨음 ㅋㅋㅋ,1
또 루시안 해라 ㅋ,0
저걸 가는 호구 있냐?,0
따이 황 젠 ,0
88848 = 5년 = 병,1
와 광동,0
ㅈㅈ,0
첫경기 길었네,0
든버지 ㄷㄷ,0
젠지가 욕먹을필요는 중국지지고 그 팬들은 발악 때문에 욕먹는거다,1
뽀삐 없는데 그럼 안돼지 ㅡㅡ,0
근데 ㅈ멸망전치고는 안싸우네 ㅋㅋㅋㅋㅋㅋㅋㅋㅋㅋ,1
미아는 뭔 듣보임 ㅋㅋ,0
비션이형 머냐,0
아 저건 ㅋㅋ,0
할카스 ㄷㄷ,1
딮기팬들만 좋아할게요 ㅠㅠ 제발 갈드컵 ㄴㄴ,0
트위치도 그렇고 유튭도 그렇고 광고 관리하는 러지ㅅㄱ들 중간이 없네,1
"근데 데프트 페이커, f d키 반대로 썻으면 웃겼겠다.",0
채팅 보지말고 경기만 보시길,0
88848,1
창모드 짜치네 ㅋㅋㅋㅋㅋㅋㅋㅋㅋ,0
88848 0,1
1557 이 뭐에요?(진짜모름),1
둘다 처 드러누워버리니까 재미가 ㅈㄴ없노..,1
킹겐한테 크산테주네 ㅋㅋㅋㅋㅋ,0
구마가 페이즈 이긴적이 있긴하나,0
게임 보러왔으면 게임 얘기나 해라 좀,0
브리온은 차라리 키보드 마우스 내렿놓고 주먹으로 맞짱을 뜨는 편이 승산 있지않을까?,1
눈나도 화이팅,1
버스 아지르는 하루죙일 cs만처먹네 쵸비 영상좀보고 배워라 벤치야 ㅋㅋㅋㅋ,1
(공지) 88848 무관젠첩 팬들은 전부 나가주세요.오직 한화 농심팬들끼리만 조용히 즐기고싶습니다.질서있게 퇴장부탁드려요. 참고로 저는 T1팬입니다.,1
1대1은 페이커보단 쵸비가 이제 피지컿이좋음..페이커가 내리막인검 어쩔수없음..메시가 아직도 최강이란거랑똑같은거임,0
ㅋ,0
백자업 백자업,1
"축구 잘 모르는 사람이 월드컵,챔스 우승컵으로 판단하듯이 후대사람들이 무관 쵸비를 기억이나 할까?",1
뭔덕??,0
오오?,0
여기서 이상한 채팅치는애들 무슨 생각으로 하는거야? 본인들이 이상한거 모른가?,0
대 우 스,0
디도스 언급하는것도 자제 해야되요 그 버러지들이 원하는게 격한 반응이라고 생각해요,1
아트 ㅈㄴ 쎄네,1
와 키는 똑같은데 어깨가 다르네 ,0
젠첩분들 피어엑스 응원 하는거 보니우리도 KT 응원합니다,1
갈리오 좋은데 왜,1
88848,1
대상혁 ㅜ,1
밤끝나오면 선고 봉인이라서 못잡음ㅋㅋㅋㅋㅋ,0
카리스가 킬 먹은건 걍 0킬이랑 똑같음 어차피ㅋㅋㅋㅋ농심도 신경 안쓸듯,1
그미드 영향력 제로에 아무것도 안하는데 구마유시가 욕먹는 어이없는 상황ㅋㅋ,1
ㅆ오만 그자체,1
전용준이면 안본다,1
매라도 커리어적으로 보면 저평가 받아야하는게 맞음,0
88848,1
든버지!!!,0
1557 치면 찾아가서 다리 부러뜨립니다.,1
세체정 카나비!,0
무생무치 ㅇㅈㄹ ㅋㅋㅋㅋㅋㅋ,1
ㅎㅎㅎㅎ 연출점수~,0
얘네들은 경기 왜하냐? 어짜피 진출도못하는데,1
잼지 7연승가겟네,0
88848,1
세라핀을 왜한겨,0
류는 10년전에도 지금도 상혁이랑 같은곳에...,0
미필들이 준위가 있다고 자꾸 우기시는데 어그로 그만 끄세요. 준위가 아니라 중위입니다. 준위가 있다면 준병 준사 준령도 있겠죠. 일부 사람들이 DP2에 준위라는 계급이 나온다고 하는데 그건 해당 작품의 재미를 위해 설정한 허구의 계급입니다. 그러므로 준위라는 계급은 없습니다.,0
따먹!,1
롤대남들 눈높이수준 개바닥이내 ㅋㅋㅋ,1
티원 롤드컵우승4회 한화젠지0회 ㅋㅋㅋㅋ 어차피 은승은? 티원:hugging_face::hugging_face:,1
아펠 딜넣는거 지리네,0
"똥스칼 진짜 ㅋㅋㅋㅋㅋㅋ 1,2세트 둘다 겜내내 고혈만 빨다가 중요한 타임에 혼자 짤려서 겜 터트리네 ㅋㅋㅋㅋ 저거 고평가 좀 그만해라 빠순이들아",1
엔비도 ㅈㄴ못함 걍 다 문제임,1
익룡슼 짜증나네,1
lpl한테 지지마 딮기!!!!!,1
채팅창 보다보면 어그로에 진지하게 화내는애들 몇몇 보이는데 왤케 웃기냐 ㅋㅋㅋ 한심하게 어그로 끌리네 ㅋㅋ 수준 보인다,1
브리온도 팬이 있다는게 신기하네ㅋㅋㅋ,0
불 오눌도 작두 타려나 원딜 간지 오짐,0
아 킬안먹은 이유가 어시채울려고 그랬구만,0
켈황은 역시 유미 ㅋㅋ,0
1557?,1
중국의 주권과 영토의 무결성을 적극 지지합니다 - 젠지 공식 포스팅 - ,1
1557-0013,1
역시 역전은 켈황 ㅋㅋ,0
1557,1
역시 퍼블당하기는 켈황 ㅋㅋ,0
엄메이커,0
"기인은 애초에 도란,제우스 급이 아니었다.",0
농심 진짜 못한다 ㅋㅋ,1
888룰8,1
쩐찌 짜요!!!,1
쵸비 이제 놀이터에서도 일진못먹네 겨우이기노,1
현재 젠지팬이라면 하나의 중국을 지지하는 사람이라는 것을 알아야함,1
엄란은 엄티와 도란을 합쳐서 부르는건가요?,1
젠지가 무슨 파워랭크1위임? lpl만나면 광탈하는데,1
아무리 봐도 아까 표식 e플 안 한 거는 너무 아쉽네,0
drx 브리온같은 저질게임이랑 수준이 다르다,1
와 에이밍 앞무빙 ㄷㄷ,0
대 리 아,0
ㄷㄷㄷㄷㄷ,0
안딜 왜씀,1
한화 패승승 2:1 유출 떳어요,0
괜찮아 어차피 또 8강딱 할건데 ㅋㅋ한잔해~,1
신챔프유출뜸 바이아빠 하이ㄷㄷ;,0
광동은 강팀이네,0
레나타를 안 보고 ?,0
신 ㅡㅡㅡㅡ 허 ㅡㅡㅡㅡ 수,0
그팬들 도서관 왔노??,1
이게 공천학살 찢리스타?,0
라스칼은 진짜 있으나 마나임,1
똥 겐,1
제발 빼라 퍼펙트 라인전도 안되고 챔프폭도 좁고,1
아 88848 이어도 티원은 이긴다고 ㅋㅋㅋㅋㅋㅋ,1
나이트 왼손잡이,0
혹시나 직관하신 팬중에 미리 저녁 예약하신분도 있다면? 이거 이거 수습 가능함?,0
걍 피터가 ㅈㄴ 사리다 짐,1
황 지 우,0
롤은 L인데용,0
진짜 국내팀은 세상에서 제일 잘 패는 듯,0
갤탭이혀이야,0
신 상 혁,0
우디르 ㅋㅋㅋㅋ,0
루시드 울겠다ㅠㅠ,0
똥독!,1
현상금 다 먹으니 바론버프 싹잡네,1
제드?,0
아리 딜 개잘넣음,0
카리스 진짜 불독보다 아지르 못하는거같은데 ㅋㅋㅋㅋㅋㅋ,1
아우솔 공격 깔짝깔짝 킹받네 ㅋㅋㅋ,0
저나아운서이름이 혜지임 레알,0
88848 쵸비 커리어도 국제 미드 한 14위쯤 캡스도 ㅋㅋ 월즈결승은 감,1
제우스 페이커한테 맞겠노ㅋㅋ,1
젠지충들 좀 꺼져줬으면...,1
진짜 디도스 문제 라이엇 언제 해결함? ㅈㄴ무능하네,1
T1화이팅!,0
근데 진짜 콜미는 개빻았네,1
응원구호는 진짜 없애라,0
친중팀 잘하네,0
과거라기엔 제일 최근 우승인데...,0
88848 lpl 찌엔짜이 사망ㅋㅋㅋㅋㅋㅋㅋㅋㅋ,1
구에고,0
역시 우승은 젠황 ㅋㅋ,0
니들이 뭔 가붕이냐?! 쳐 버티지만 말고 대책 가져오라고 ㅋㅋㅋㅋㅋㅋㅋㅋ,1
더 옛날 영상이라도 가져와주지,0
형들 폰겜 정육점을 털어라 하면서 경기관람하세요 개꿀잼입니다 ㅋㅋ,0
아오 낀낀이형,0
딱봐도 생활관에서 가오 ㅈㄴ잡을듯 라스칼,1
비디디 ㅋㅋㅋㅋ,0
똥카,1
채탱 ㅈㄴ 역하네,1
대진 씹노잼이네 ㄹㅇ,1
우정잉이 이쁘다고 저기서? ㅋㅋㅋㅋㅋㅋㅋㅋㅋㅋㅋㅋㅋㅋㅋㅋ 그냥 꽉수빈이랑 비교 ㅈㄴ되고 압살당하는데 억빠 지리노,1
콜미도 괴못하는데 콜미한테 미드차이 내는 카리스는 도대체 ㅋㅋㅋㅋ,1
와 근데진짜 두판다아쉽냐,0
유출이랑 똑같네..,0
drx 대충 질것이지 경기 재미도없고 관심도없고 빨리 씨맥 쳐발리는거 봐야되는데,1
잘해,0
빛돌 묻어놓고 내로남불은 젠평 ㅋㅋ~~,1
1557 0013 화이링,1
헬리오스 진짜 재밋네 ㅋㅋㅋ,0
"88848 럼자오자레 영토무결성 msi, 월즈 결승 경험 없는 게 한 사람이면 믿을래?",1
루시안 딜이 나오겠나..,0
아 람머스 나오지말라고 내 모스트1인데 너프 밴 아놰,0
1557,1
데프트는 군대나 빨리 가라ㅋㅋㅋㅋㅋㅋㅋ진짜 구질구질하네ㅋㅋ,1
엄앵란,1
티원은 몇년째 까는사람밖에없고 왜까냐하면 그팀 업보라고함ㄷㄷ,1
88888,1
밴픽그냥 개맛없네,0
오너는 제계약 하지말자 진짜,1
부끄꼼,0
와 클로저 이즈보고 점멸쓴거 멋졋다,0
데프트 억빠그만좀 나머지가 잘해서 이긴건데 ㅋㅋ,1
ㅇㄷ,0
쵸비머하냐진짴ㅋㅋㅋㅋㅋㅋㅋㅋㅋ,1
가붕이 파이크는 진짜 선을 씨게넘었지 ㅋㅋ,0
불 cl 시절 저 서폿이랑 합 맞춘거 아님? 그럼 합에는 문제 없는거 아닌가 몰겠네,0
초전도밴픽 개빠르노 ㅋㅋㅋㅋㅋㅋㅋ,0
존나멋있따 ㅋㅋㅋㅋㅋㅋㅋㅋㅋㅋㅋㅋ,1
킹 카,0
1557 ^눈물찍^,1
퀸이 어쩌다 트페 하위호환까지 됐냐 ㅋㅋㅋㅋㅋㅋㅋ,0
멘탈 터지겠는데,0
라스칼 젠지시절 치매와서 못이김 ㅇㅇ,1
진짜 ㅈ밥뜰의 대결이다 ㅉㅉ,1
똥겐 ㅋㅋㅋㅋㅋ,1
수빈누나 어깨가...??,0
빅게임 헌터 ㅅㅅㅅㅅㅅㅅㅅㅅ,0
얘들아 그냥 외워라 이커형은 쵸비빼고 다이긴다,1
88848,1
똥식,0
내가 항상말하는데 켈린달고 상위권 못간다,1
비상,0
똥카ㅋㅋㅋㅋ,1
갓 펙 트,0
티원팬들은 왜 젠지한테 열등감느끼는거냐,1
1557,1
역시 성적날조는 젠평ㅋㅋㅋㅋ,1
응 msi 광탈 ㅋㅋ,1
쇼메 각성했네,0
아아아악,0
전 젠지팬이라 중국의 영토무결성을 지지합니다,1
ㅈㄴ못하네 ㅋㅋ ,1
다시 한번 말한다 관객들아 팻말로 옘병 떨꺼면 그냥 집에가라 지금 제일 힘든 사람은 선수들이다,1
아아 개좋즙처럼 제오구케가 없어서..,1
브리온 걍 공무원인가,0
한 반 두,0
눕롤진짜.... 에이스침대가 따로없네 ,1
그 토스 ㅋㅋㅋ,0
진짜 이딴게 1부리그냐ㅋㅋ,1
젠지 멸망 ㅋㅋㅋ,0
end,0
아이네???,0
1557이 뭔가요?,1
라코 설날에도 풀로 처놀았으면서 이런 것도 해결 못하면 도대체 뭐하자는거임?,1
응 티원 롤드컵 우승,0
담원왜이래,0
피넛 진짜 ㅋㅋㅋㅋㅋㅋㅋㅋ,0
티원<< 그냥 못함ㅋㅋ,1
꽉수빈 안나온거보니 짜피 또 대떡 당할듯 1557 ㅎㅇㅌ,1
젠지애들 또 이간질하네 안부끄럽나? 9깅딱해놓고,1
오리가 사이드에서 아지르 못이긴다고 유통기한챔은 아니지,0
ㄴㅇㅅ,0
찌걱찌걱 아흣,1
우리 88이는 ^세계최강^(해외에서 버러지로 까이며),1
방구석 광물들 왤케 말많노 ㅋㅋㅋㅋㅋ 말만 들으면 프로네,0
조선족 많네,1
젠지 조합모냐??? ㅋㅋㅋㅋㅋㅋㅋㅋ 너무 자신감 잡는거 아니냐?,0
폴?루,0
이젠 돌돌 젠티도 아니네 ㅋㅋ,0
롤드컵 우승팀에게 상식타령하는거 개웃기넼 ㅋㅋㅋ,0
시청자 8억8848만명ㄷㄷ,1
1557,1
바이가ㅋㅋㅋㅋ괜찮게 하네 아리조합으로도 좋다,0
코르키 딜뭐냐,0
아까 화면에 잡히던데 ㅋㅋㅋㅋ,0
 세나 단식이잖아 딱대야,0
888룰8은 그렇다치는데 3315일만의 대기록은 좀 쌔긴해,1
테디는 이럴때도 항상 백무빙을 하네 신기,0
한화생명은 경기력보니 88848은 안하것네,1
그래도 티원 바텀이 안풀리니깐 경기 괜찮게 했다,0
개똥넛,1
오너 캐리아 너희는 챌리가라 ㅇㅇ 내년에 cl에서보자 ㄱㄱ,1
4성,0
그냥 킹겐은 거품에 거품에 거품임,1
1 황 젠 지,0
ㅋㅋㅋㅋ 쵸비랑 하면 8분 88초만에 끝나는 팀끼리 잘싸우노 ,1
갑자기 생각나는게 켈황 진짜 ㅆㄱㅈㄴ,0
오너 코로나 걸림,0
얼굴은 잘생ㅇ겼다,0
top gsp,0
이 얼 싼 짜이엔 찌. 짜이요!!!,1
무관행동,0
젠 ㅡ 지,1
진짜 야랄하지마라,1
88848^,1
라스칼은 작년섬머부터범인이엇음,1
쇼메도 개못하는데 뭔 원맨팀임ㅋㅋ,1
켈 황,0
88848,1
2:1은 젠지팬들 환영점멸 같은거지 뭐,0
아..이것도 유출됐네..:face-purple-crying::face-purple-crying:,0
젠첩 눈물 ㅋ,1
1557,1
채팅 꼬라지보니까 진짜 페이커 없으면 lck 망하겠네 ,0
으악ㅠㅠ 중국은 싫지만 중국게임은 못잃어 ㅠㅠㅠ 페이커 만세!!! ,1
베인 누가 막노 진짜 ㅋㅋㅋㅋ 제리 5대맞으면 죽을거같은데 이젠 ,0
이 얼 싼 짜이엔지 짜요!!,1
롤드컵 이후 롤 처음 보는 사람 개추~,0
녹방 어그로뭐야,0
봇듀 개못한다.. .,1
젠지의 핵심은 결국 쵸비였음 ㅋㅋㅋ 도란 피넛은 결국 힘이없고 쵸비가 다했다 ㅋㅋㅋㅋ,0
지금 이게 라이브라고? 오늘은 또 무슨일이 있던것인가,0
딮기팬들은 안그러는데 티원팬애들이 이간질하니라 저러는거지??,1
젠지보다 못하는 팀은 많지만 1557은 오직 단 하나 ㅋㅋㅋㅋㅋ,1
갈드컴도 mz하네 졌으면 방좀빼라 지킬건지켜라~,1
대 상 혁,0
오늘 보면 알겠지,0
한화 2대1 승입니다 그만하세요,0
죧망;,1
두긴거,0
888룰8,1
도전하는 모습이 멋지다,0
개 똥 탭,1
아줌마들 익룡 한마디에 발작 ㅋㅋㅋㅋㅋㅋㅋㅋㅋ케,1
브리온 개못함,1
구마유시야 고맙다!!!,0
진짜 슼갈들은 맨날시비야,1
대떡 ㅈㅈ,1
우쓰야!!! :green_heart:,0
오더까지 ㅋㅋㅋ 걍 구원 황족 정글하네,0
방금 젠지로 갈아탈뻔했네,0
딜라이트 와꾸 ㅈ되네 ㄷㄷ,1
티원 이걸못끝내나,0
ㅈㄴ오글거리네,1
퍼블! 할카스!,1
대 황 메 이 커 ,0
ㅇㅅㅇ,0
스프링이 여름이냐,0
^무^견들 ㅎㅇㅎㅇ,1
티원 젠지한테 디도스거네ㅋㅋ,1
ㅁㅍ,0
제발 사이온같은거 하지말고 차라리 오른을 해라...,0
ㅈ밥들 싸움이 재밋지 ㅋㅋㅋ,1
티원 개이득,0
젠지 중국 옹호 왜한거냐....,1
쇼메 노냐,0
진짜 루시드 ㅈㄴ 답없네,1
미드는 별로 차이없음... 봇이랑 정글차이 존나 심함 ;; 구졷 오너 방출해야 ,1
왜이래,0
또 너야?,0
제카 진짜 심각한데,1
진짜 루시드만 좀 바꾸면 하 정글이 진짜 아쉽다,0
얘내 경기 중계 하지마라 그냥,0
조? 루??,1
어제 따이후앙찌엔 숨도 못쉬고 털렸던데 껄껄껄 88848,1
팬ㄷ,0
롤갤 버러지들 기어나오는 속도봐라 ㅋㅋㅋ,1
대황포니 ㅋㅋㅋㅋ,0
공손혁,0
t1 1세트도 kt나 젠지엿으면 걍 개털린경기엿는데 농심이라 살앗지,1
큰일이다 우리애들 스타병 걸렸나보다 ,0
ㅋㅋ,0
킹갠 스바럼이 ㅈㄴ 못했네,1
이제 중계 해주지 말자 이런건 눈썩...,1
돌다리 두드리라 했더니 원자단위 하나하나씩 두드리고 있네,0
밸런스 맞춰주네 ㅋㅋ,0
88848,1
위장DRX팬덤 슼갈들 오열중ㅋㅋㅋㅋ,1
똥카 ㅋㅋ,1
ㅋ찌엔지팬들 바텀듀오를 욕하지 말아주세요,1
오디오 졸라 물리네 ㅋㅋ,1
젠지랑 5꽉간 딮기 맞냐? 경기력 처참하네 ,1
88848,1
1557,1
카리스 궁 수준ㅋㅋㅋ,1
롤goat라는놈이 8강따리 2년째못이김 ㅋㅋ,1
오너 주둥이 웰케 튀어나왓냐,1
88848이 뭔데 명예 훼손이 되는 이유가 있나 ,1
미드 cs차이 왜이러노 ,0
88848,1
이걸 이겨?,0
광고를 그럼 안하겠노? 스폰서들이 개ㅈ이노 ㅋㅋㅋ,1
근데 진짜 젠지팬이지만 대황맥 인정한다 잠재력 끌어내는건 진짜 ㅈㄴ 대단함,1
저걸 리플로보네,0
미드차인데 왜 엄한곳 짚노?,1
지금부터 1557 하시는분들 전부 신고하겠습니다 선처는 없습니다^^,1
3사막이넹,0
1557은 진짜 어떻게했냐 ㅋㅋㅋ,1
저 조합은 세나가 아니라 오른이 cs먹는게 맞다고 이 롤알못아,0
1557 그거 미드이렐이 초반에 카밀한테 따여서 나온거임 ㅋㅋ,1
진짜 디도스인가보네,0
젠지팬들은 본인 응원하는팀이 이기고있는데 왜 칭찬이나 응원은없고 상대팀 욕만함 ㅋㅋㅋㅋㅋㅋ,1
??,0
아칼리 왜 안함?,0
백수들이 37000명 ㅋㅋㅋㅋㅋㅋ 대한민국 망했다 ㄹㅇ 직관간 백수 직관애들도 레전드네 ㄹㅇ,1
본인써주는팀이없으니 drx가야지 ㅋㅋㅋㅋㅋㅋㅋㅋㅋㅋㅋㅋ,0
"그나마 모건, 기드온, 폴루가 사람임",0
똥너 ㅋㅋ,1
우디르만 안 했어도 참...,0
두황,0
DK 는 대체 모함,1
운전 미숙ㅋㅌㅋㅋㅌㅌ,0
그냥 져라 롤드컵 msi나 봐야지,0
퓨시기 개잘한다,0
티원팬이긴 한데 쵸비 진짜 ㅈㄴ 잘하긴하네,1
서렌기능 넣으면 라스칼 빼고 다 서렌칠듯,0
국제전 무관 젠지 ㄷㄷ,1
양팀합의하에 녹화방송이라하네 앞으로 땡겨봐 애인들아,1
ㅌㅊㅇ ㅋㅋㅋㅋㅋㅋㅋ,0
드릉드릉~,0
화력없는 물좀비 :face-blue-smiling:,0
구마유시야 !!!!! 어제 폼만 유지하자 진짜 좋았다잉,0
진짜 슈발 한번을 못쓰네,1
78910은 역시 정해져있네,0
전용준좀 짤라라 뭔 해설마다 다 틀리냐,1
따이후앙찌엔 짜요우!!!!!!!!!,1
0016,0
익룡 개시끄렂네,1
ㅈㄱㅊㅇ,0
국대미드 쵸비(0) 페이커(X:벤치),1
브리온 젠지 굳이 해야함? 걍 기권 하면 안됨?,1
51살 74년생이다 내밑으로 인사 씨게박아라,1
진짜 제오구케에 쵸비만 달아주면 걍 전승일듯,1
관중 익룡들 없으면 한없이 강해지는 진짜팀들 끼리 붙었네 ㄷㄷㄷ 근대 특정 팀이 관중 함성소리고 맵핑했다는게 사실임?? ㄷㄷㄷ 끼에에에엑 이거가 다이브 치는거랑 관련해서 특정 팀 선수에게 전달해주는 싸인이라는데 ㄷㄷㄷㄷㄷㄷ,1
크랙,1
88848 5년보다 짧다,1
스킬 이름이 짧아요는 씹 ㅋㅋㅋㅋㅋㅋㅋㅋㅋㅋㅋㅋ,0
아따 테디 사올 돈은 있어도 주한 잡을 돈은 없당께요~,1
88848 채팅 그만하세요,1
모르가나?,0
세텝 어휴,1
젠갈들 설레하더니 ㅋㅋㅋㅋㅋㅋㅋㅋㅋㅋㅋㅋㅋㅋ개처망했지?,1
페이즈는 진짜 팀 잘 만났네,0
트타 코르키는 쵸비만 하자,0
1557,1
이건 갔네,0
쵸비 키크다,0
또?,0
녹화방송 틀면서 광고를 넣고 자빠졌네ㅋㅋㅋㅋㅋㅋㅋ,1
히힛 도란발싸,0
MSI에서 한판 1557로 지기 vs 롤드컵 8강에서 럼자오자레 주고 8강딱하기,1
왜 골드가 쪽같냐,0
88848,1
씹쉬,1
갈라치기 그만 좀 하고 걍 좀 쳐 봐라 모자란 것들아,1
약한라인이 어딨노,0
쵸비 왜 카르마함,0
롤규성!!!,0
퀀텀…,0
너네 많이 이기셈 우린 월즈 우승할게,0
이걸 비비네,0
젠지팬분들 한화 농심 욕 그만해주세요 깨끗한 채팅 칩시다 ,1
국제전 무관 그만 티원에 비벼,1
사실상 젠지는 플퀘한테 진거지,1
웃는자가 일류다,0
집안에 프로게이머가 2명 ㄷ,0
월즈 우승출신 감독 vs 국대감독,0
에디 브리온에서는 뛸 수 있음?,0
ㅋㅋㅋㅋㅋ,0
"쵸비는 딱 ""맨시티 킬러"" 롤흥민임. 맨시티가 트레블을 해도 알빠노? 리그에서 맨시티 3번연속으로 이겼다 이기 ㅋㅋㅋㅋㅋㅋ 차이점이 있다면 그래도 앰창단은 아시안게임 금메달로 국제전 유관드립치진 않는다 ㅋㅋ",1
걍 개발리네,0
디알엑스 홧팅,0
이걸 페이커 준다고? 절레 절레,0
88,1
Peyz f로 안지은거 후회중 ㅋㅋㅋ 롤에 p넣어봤자 faker 재물이다,1
그들만의 세체미 = 야가오에게 닦여 8강딱,1
맥아?,0
오너 다음시즌에 교체될 수 있겠는데... 내년에 정글러 영입하고 교체될 가능성도 있다고 본다,1
팀 다크 ㅋㅋㅋㅋㅋ 전설의,0
젠서운 이야기: 그 팀 팬들 지능은 스크래치 있는 롤스로이스 팬텀 vs 전재산 쳐바른 풀 튜닝 과학5호기 중에 고르라면 과학 5호기를 고른다.,1
젠지 팀짠거 보니까 티원이 이기겠던데,0
페이즈 그저 펜타무새 킬딸 딸깍 퍼스트 호소인,1
지우가 ㄹㅇ 희망이다...,0
울프 돼지 언급하지마라,1
아이언 티원빠돌이들 지들보다 티어높은애들한테 훈수나 쳐두고 자빠졌노,1
인터뷰 궁금해서 틀었던 경기다...,0
"빡겜하기엔 신인도 있고 브리온보면 이긴적이 한번도 없어서 봐주면서 하는거자나,,",0
캐니언을 저렇게 쓰네 ㅋㅋㅋㅋ,0
결승답긴하다..,0
DK 가 오히려 결승전처럼 보였는데,0
왜 자꾸 스몰더를 해서 누우면서 다른 라인 다 망치네 ㅋㅋ,0
씨맥이 잘해서 올라온게아니라 쵸비빨로 보여줫던거지 쵸비 없으니까 10따리잖아,1
해설이 티원편을 존나게 드네,1
든든,0
킹겐 하루종일 도는게 겜 망쳤음. 뭐하는건지,1
바이퍼 저딴걸 저돈주고,1
젠지팬분들 부디 광동이겼다고 광동뭐라하지마요 패드립도하지말아주세요 쨔오,1
네에 안녕하세요 섭이입니다 찌엔지 여러분들 정말 그러시면 안되는거죠 어떻게 중국을 지지한다고 말씀하실수가 있는거죠? 님들때부터 제 시청자들도 일본이랑 내선일체한다고 선동해대요~~~~~~,1
와든뎁쇼...,0
이 ㅈ밥 싸움이 3꽉을 갈것인가..,1
기인고사 문제오류 ㄷㄷ,0
88848이 뭔가요,1
미드는 쵸비가 이겼네,0
근데 나만 88848 개패고싶음?,1
젠첩들아 질봐라ㅋㅌㅋ,1
전형적인 강팀판독기 ㅋㅋㅋㅋㅋㅋㅋ 게임 내내 질질끌리다가 상대가 개 ㅂ . s 브론즈 짓 하니까 겨우 이기는 ㅋㅋㅋㅋ,1
킬 났다고 좋은게 아닌거 같은데 옵젝 다 뭔가 줄줄 새고 있고,0
공군...? 참새의 습격이다!! 역돌격!!,0
젠지탑 10년무관 ㅋㅋㅋ국내전도 무관 ㅋㅋㅋㅋㅋㅋㅋㅋㅋㅋㅋㅋㅋㅋㅋㅋㅋㅋㅋㅋ미드 8년 국내원툴ㅋㅋㅋ,1
중국팀의 그팬들 부들거림 현장,1
젠지 또 이러네,1
역시 켈황,0
디치기 ㅗㅜㅑ,0
티원 화이팅 LPL 젠지 중국 팀 박살내보자,1
폭스가 여우인데 뭔 늑대드립이냐ㅋㅋㅋ,0
88848: 자칭 새체미호소인의 진짜실력,1
엔비 lpl 갔다가 칼복귀했네 ㅋㅋㅋ,0
클로저 부활 ㄷㄷㄷㄷㄷㄷ,0
1+1 이벤트,0
세벽인디 이걸 라이브로...,0
와 진짜 카리스 개극혐이다 진짜 뭐한거냐 트타들고,1
켈린님 제발 나대지마셈 도구주제에,1
너무 부담감이 심했네,0
에포트는 이젠 CL가도 하위권이다ㅋㅋㅋㅋ,0
저기 티원 말하는 애 젠지팬 ㅋㅋㅋㅋㅋ,0
ㄱㅇㅇ,0
1세대 종로의 왕 쇼메이커가 해주겠지,0
벤치혁이 뭐임,1
진짜 무서운건 이래도 1557이 안 나옴,1
티갈들 오올,1
와우 루시안 무엇을 의미하는거지?,0
농심 drx 면 3꽉일텐데 한시라도 빨리 시작해야지 새벽까지 하면 누가보냐 ,0
ㅋㅋㅋ 씨맥 얼탱이 나감,0
대상혁,0
님들아 젠지는 왜 인기가 없어여??,0
ㅋㅋㅋㅋㅋㅋ,0
또 젠도스..,1
와....대상혁은 토스 한명할때 쵸비는 다넣는구나....,1
겜 재밌네 ㅋㅋㅋㅋㅋ,0
카리스는 cs먹는법도모른다ㅋㅋ,1
짜요,1
설마 또 트타하겠어?,0
님들 녹방이라는 썰이 있던데 ㄹㅇ인가요?,0
오리아나가 젤 앞에 있노,0
드릉드릉 썻다고 디도스범들 빡쳤네,0
ㅇㅅㅇ,0
폭스뉴스 ㅋㅋㅋㅋㅋㅋ,0
짜요!!,1
이세키들 대책도 없이 오늘은 안하겠지 하고 시작한거냐,1
페이즈 사고없이 크는거 보면 뭐,0
수은나옴 ㅈㅈ,0
젠지가 진짜 ㅈㄴ 쌔긴 하다,1
티원 다음판도 이기자 ㅎㅇㅌ!,0
딮기 타잔감 ?,0
88848에 쵸비 지분은 0인게 함정밍 ㄴ,1
살았지만 점멸 빠지고 궁빠지고 바론 어캄 ㅋㅋㅋㅋ,0
와 페이커 못하는척해서 낚는거 지리네 ㄷㄷ,0
ㅋㅋㅋㅋㅋㅋㅋㅋㅋㅋ ㄹㅇ 너무하네,0
마타 합류가 진짜 신의 한수네ㅋㅋㅋ 탈수기 장난아니네 삼화시절 생각나네,0
끝나겠는데?,0
중국돈으로 삼ㅋㅋㅋㅋ,0
t1이 이기면 어거지로 이긴거고 젠지가 이기면 캐리한거라는 우리의 젠첩,1
아 두쪽 다 아가릿해주라 제발,1
ㅋㅋㅋㅋㅋ DRX 유리한 픽 다 해놓고 지네........,1
즙갈화이팅!!!,1
기프트 ㄷ ㄷ ,0
노틸 딸피 잡으려고 저걸 플쓰고 들어가네 지우인지 뭔지 저게 잘한다고?,1
이긴건 젠진데 화난건 젠지 평균 ㅋㅋ,1
둘이 엄대엄이네,0
프나틱 뭐임ㅋㅋㅋㅋㅋㅋㅋㅋ,0
"별 2개 빼라 제발 ㅋㅋ삼성화이트, 상성블루 커리어 쓰지말고 제발 주제를 알아라 우승도 한적도 없는팀이 별달고 앉았어 ㅋㅋ",1
팡희 커즈아님,0
저거 응원구호임 ?,0
88848 하지마세요 한번만 더 88848 하시면 젠지 법률 담당 사무소 팀장님한테 자료모아서 제출합니다 그만하세요,1
ㅇㅅㅇ 치지마세요...교도소 출소한지 3일됬습니다...찾아갑니다...조용히 살고싶습니다...,0
타워에 낑낑이 나오는거 좀 귀엽네,0
ㅈㄴ잘하네 진짜,1
그렇게,0
아이고 쵸맘들 암말도 못하누 광동한테 지네 ㅋㅋㅋ,1
이래도 1557은 안나오네,1
불독 토스 또ㅋㅋㅋㅋ,0
든든은 머리를 꾸며도 씻어도 얼굴 ㅈ박았네 ,1
프로 맞니?,1
근데 젠지팬이면 조선족임 한족임?? 우투브 아직도 자국에서는 못보게하나... 그것만 아니면 뷰어쉽 개쩔텐데...,1
이번건 걍 한화가 ㅈㄴ 못한듯,1
원래 여기 채팅창은 개판임,0
d,0
디플은 그냥 티원한데 졷집임 ㅋㅋㅋㅋ 디플은 그냥 티원한테 졷집임,1
라이언킹에서 나올꺼 같은 음악인데,0
제카는 페이커가 아니다.,0
건부야.... 나 지금 행복해...,0
1557,1
트페 패시브땜에 자야랑 코어 하나 차이나네ㅋㅋㅋㅋ,0
꼬감독님꼭툭튀 ㅗㅜㅑ,1
한달연봉 400이상만 채팅쳐라 말 ㅈ1ㄴ많네,1
짜요! 젠지! 짜요! LPL!,1
즐기는거지~,0
똥대똥 대결 ㅋ,1
오늘 비디디 느낌없네,1
월즈 준우승도 못 해본 조선족팬 없제? ㅋㅋ,1
빨빨빨싸빨,1
ㅋㅋㅋㅋ,0
3315만에 5중국인한테 진 팀은 어디인가요?,1
도란 왜 발리고 쳐 웃고있누 ㅋㅋ,1
디도스 때문이라는 ㅋ,0
KuTe,0
이정돈 해야 8강딱이라도 하는구나,1
88848,1
88848,1
옛날에 막눈이 안했나,0
근데 진자림은 왜 욕먹는거임 당연히 경쟁할 수도 있는거 아닌가 맥도날드 버거킹 같은 프렌차이즈들은 뭔데 ㅉㅉ,0
조현준 방구석 여포 하남자,1
건부야 ㅠ,0
라스칼 궁왤케 안쓰냐,0
엄 앵 란,1
GG,0
welcome taeyoon,0
이게 탑이다,0
우승하러 가는구나,0
젠지를 잡기외해 럼자오자레 중 럼을 준비한 테리아 ㄷㄷㄷ,0
젠지 보고있냌ㅋㅋ,0
궁소리 존나 시끄럽네,1
빨리만 안끝났음 좋겠네,0
ㄷㄷㄷㄷ,0
진짜개노잼이겠다 어차피 젠지가 이길거 뻔한데,1
ㅋㅋㅋㅋㅋㅋㅋ재밌당,0
광동 화이팅,0
결승에서 디도스 걸리면어캄ㅋㅋ,0
꿀단지 ㄷㄷ,0
6974,1
넥서스(테디)가 터졌다!!1,0
개거품팀,0
뭐하냐,0
한화가 이길듯,0
와ㅁㅊ,0
쵸비 올해 우승해도 4분의1페이커 달성 ㅋㅋㅋㅋㅋㅋㅋㅋㅋㅋㅋㅋㅋㅋㅋㅋ,1
치매노인 나슥갈ㅜㅜ,1
콜미 딜탱가는거 개역겹네,1
펑,0
표식 ㄷㄷ,0
대횡쮀ㅋㅋㅋ,1
1 5 5 7 - 8 8 8 4 8 많 은 주 문 부 탁 드 립 니 다 .,1
한지민도 늙엇내 얼굴보닌간,1
근데 젠지팬이면 조선족임 한족임?? 우투브 아직도 자국에서는 못보게하나... 그것만 아니면 뷰어쉽 개쩔텐데...,1
T1 뭐 돼??,0
역시 씨맥의 샴페인은 일찍 터트려야 제맛이지,0
대ㅡㅡ 상 ㅡㅡ 혁,0
"테디 억까하는사람들이 많은 이유:그래야 ""저 개같이 못하는 테디 대리고 쓰리핏하신 대 상 혁"" 이라고 기습숭배를 할 수있기 때문이다",1
나미 심한데,0
라스칼 대회 나오지마라 진짜 수준 개떨어트리네,1
어마 가즈아!,0
1557 88848 누가 더 죄냐?,1
귀엽노 ㅋㅋ,0
다이애나 옆집누나팬티색갈이누,1
Lec 픽이네,0
줫댄다,1
"착취 아지르로 재미좀 봤다고 또지르,,,,,",0
젠지 2:0 DK,0
와 탑정글 ㄹㅇ 사람이 아니네,1
제발 도란 좀 기인이랑 제우스에 비비지 좀 마라 양심이 없냐?,1
화 나 생 명,0
88848,1
레나타 기가막히네 ,0
진짜 ㅈ같은 구호 아직도 대체 언제 없앨 생각인지,1
88848,1
밴픽 너무 구렸음 뭔 렐 룰루야,0
페이커탈리야 할줄몰라ㅏ,1
굿바이 톰 밴픽 스렉같이해서 슈퍼팀을 지게하네 ㅋㅋㅋ,1
이걸 진 브리온도 레전드네 ㅋㅋ,0
젠지 vs 한화생명 !,0
또발리려고 또지르,0
?,0
독도는 어디땅,0
끼얏호우와 막상막하 ㅋㅋㅋㅋ,0
카이사가 너무 여경인데?,0
티원 쳐발려서 기분좋은 젠지팬들 주말 잘 보내세요,1
88848이거로 fc바르셀로나 메시 챔스로 조롱 하는거 맞죠 최악의 팬덤 슼갈들이 이제 messi까지 건드리네,1
티원 잘해보자~!!!!,0
ㅋㅋ 개양학경기 ㄹㅈㄷ,0
게임이 이미 가버리니까 중계진도 딴소리만 하네,0
아무나 싸워라~~~!,0
젠지,0
화끈하네,0
룰러빨로 4한거지,1
딸치다 걸려서 못 나옴,1
"피넛이 진짜 잘할때는 심리전,수싸움 다 쳐바르는데 대체 왜 국제전만 가면 평범해지냐",0
낼 경기있는데 자꾸 저딴 질문만 준비했노,1
젠지가 3대0으로 이길듯,0
익룡들 둥지치니까 한화가 좀 밀린다 ㅠ,0
웅,0
코르키는 대상혁만 하는걸로 개못하네 진짜 ㅡㅡㅡㅡㅡ,1
뭫9 깎어,0
와리충 쳐긁혀서 발작 ㅠㅠ 하지만 팀팬 익룡이라고매도하는 건 오직 젠찹인게 팩트인걸 ...,1
ㅋㅋㅋㅋㅋㅋㅋㅋㅋ 킹겐 컷,0
1557은 누가 깰수있나 ㅠㅠ,1
아저씨는 왜 1000판씩이나 했어요?ㅋㅋㅋ,0
구마유시 원딜이 방관템은 트롤이냐? ㅋㅋㅋㅋ,1
디플이 이길듯 티원은 롤드컵용,0
클로저한테 배웠나봐 아칼리를,0
진짜 얘네 수준 더럽다 미쳤네ㅋㅋㅋ,1
와 표식 퍼펙트 베릴 미쳤네,0
럼블 이퀄 진짜 ㅋㅋㅋㅋㅋ,0
슈퍼스타 대 황 란,0
너네재능있어,0
1 5 5 7,1
테디 킹겐 희대의 ㅈ거품대전,1
벤픽 진짜 존나못하네,1
거인 ㄷㄷ,0
루시드 때문에 ㅈㄹ났네 ㅋㅋㅋㅋ800원헌납해서 이꼴 났노 ㅋㅋ,1
080 -1557 - 0013,1
젠첩분들이 티원 팬인 척 분탕칩니다 중국인이 해외서 한국사람이라 하는 것 처럼요,1
씹노잼이노,1
3대떡각이야 오늘도,0
제우스던졌다,0
오늘 치킨집들 대박나것농,0
뭐하노,0
골든로드에 도전하는 따이 황 쮜엔 누가 막냐고,1
카멜리온,0
국제 대회 성적이요 8강 8강 8강 룰러(4강) 8강,1
젠지는 어떻게 강팀이 되었는가,1
포비가 니코 즐겨하던 이유 페이갓,0
상식적으로 젠지팬이란게 있겠냐? 다 악성얘갈임 젠지가 팬이 있을리가없잖노,1
뭐하냐진짜 2렙칼리랑 밎딜하는게 맞냐??,0
역대급 저점 터진건가,0
얘네는 lec가도 플옵못간다 이게 뭐냐?,1
풍들었노 예아 ,1
펑,0
씨맥 사퇴해라,1
아니 한화 다음엔 카나비 스카웃 사와라,0
따이 황 찌엔 씨에쑤왕 쵸비의 눕롤 화이팅!!,1
3용 또쳐주내 ㅋㅋㅋㅋㅋㅋ 킹겐이.이리잘해도 쇼메는 뭐하냐?,1
신 상 혁,0
디얼엑스가 디도스 멕였다,0
젠지경기에 왜 메갈리아 페미니스트 좋아요 누른 팀 지지자들이 갈드컵 열고있나요?(진짜 모름),1
시2발대황비;;,1
리신,0
안녕. 나는 젠지팬입니다. 중국인으로써 젠지는 너무 자랑입니다. 젠지 짜이요,1
ㅇㄷㅊㅇ,0
티원화이팅,1
그래서 젠지 롤드컵 우승함??ㅋㅋㅋㅋㅋㅋㅋㅋㅋㅋㅋㅋㅋㅋㅋㅋㅋ 국내에서 패면뭐함 마땅한 성적이없는데 ㅋㅋㅋㅋㅋㅋㅋㅋㅋㅋㅋㅋㅋㅋㅋㅋㅋㅋ,1
뽀삐뽀삐뽀,0
익룡드립할거면 도서관이나 가셈ㅋㅋ,1
프로하면 안되는 애들 많다는 애들 특: 백수 OR 잼민이,0
광동은 자기들 수준에 맞는 픽해야 될거 같은데,1
바이퍼는 진짜 혼자 빛나네,0
ㅈㅈ,0
리신이 트롤이네,1
롤드컵 4회 우승한 페이커를 오직 순수실력으로 벤치로 밀어내고 국대주전미드를 차지한 쵸비 ㄷㄷㄷㄷㄷㄷㄷㄷㄷ,1
진짜 오너 개못해,1
슼카스,1
샨테 노틸 6렙차 ㅋㅋㅋ,0
붐붐차,0
아무리 잘해도 월즈8강이잖아,1
왤케 못하냐 ㅋㅋㅋㅋㅋㅋㅋㅋ,1
와 루시드,0
1세트의 t1,0
젠지는 티원전만 미리 준비하느라 월즈꼴나서 Dk한테지겠노,1
직스파이크는 뭔 노근본 조합임?,0
88848 3315,1
오늘 광동은 뭐 새벽경기 인가요? ㅋㅋ,0
중국겜 왜 봄?,1
미드 카르마인데 ,0
1557-0013,1
안딜은 킬 다 몰아쳐먹고 ㅈㄴ못하네,1
트페 잘하내,0
브론즈들 말 많네,0
킹겐이랑 지우 싸움이네,0
저거좀없애라고 제발,0
든든은 머리를 꾸며도 씻어도 얼굴 ㅈ박았네 ,1
팩트 ) 젠지가 욕쳐먹는 이유는 젠첩들 때문이다,1
근데 광동 경기력 왜케 떡락했냐,1
kt도 진짜 못하긴 한다 ㅋㅋ,1
확실히 티원팬이 채팅이 그러네,1
1557은 맨날 하는거 가만 있으면서 88848은 왜 하면 안돼?,1
디도스 ㅈ망겜ㅋㅋ,1
으딜 벤치pog따위가 주전한테 앵기놐ㅋㅋㅋㅋㅋㅋㅋ,1
이게,0
니들 이러는거 페이커도 부끄러워할듯,0
신 상 혁,0
디알엑스 짭 피어엑스,0
2대1 브리온 승 맞음?,0
쵸비가 a급이면 a급도 널렷지,0
리헨즈 왜 또 럼블서폿으로 깝침?,1
개상혁,0
브리온은 그냥 뷰어쉽 n빵이나 받아가자 마인드인가,0
888481616예정,1
라스칼은 어떻게 나날이 못해지는게 눈에 보이냐 ㅋㅋ 연습을 하긴 하나? 연봉 슈킹만 하고 놀러만 다니는거 같던데,1
엥 취소 안됬음?,0
트롤 ㄷ,1
티원은 이런 플레이도 못해서 0:13으로 개털렸더랬죠 :face-blue-smiling::face-blue-smiling:,1
1557은 단한판/88848은 5년동안 밑바닥,1
뭔 드븐이야 진짜 ㅋㅋㅋㅋ 여기가 챌코인지 아나 드븐을 왜하는지 모르겠네,0
응디르 겁나쎼누 ㅋㅋ,0
나미가 진짜 잘하네,0
채팅안치면 재미더럽게없는데 뭘 그냥좀봐,0
경기 재밌다,0
잘생기면 뭐하노 어차피 발릴걸 ㅋㅋ,0
아니 진짜 머임? 언제 시작함,0
88848,1
88848 작작쳐라 전부다 캡처중이다.,1
개딴딴,0
디도슨데 무지성 젠지 까는 그 팀팬들 ㅂㄷㅂㄷ,1
쵸비야 너가 강민철 인강 안들어서 88848이나 하는거다. 페이커는 강기분 4회독하니까 롤드컵 우승 4번이나 했잖니 :face-red-droopy-eyes::face-red-droopy-eyes::face-red-droopy-eyes:,1
똥이퍼 개못하네,1
이걸 제카탓을하노 ㅋㅋㅋ 먼거 보고도 들박한 도란이나 콜문제지,1
콜미줘야지 콜미가 깨웟는데ㅋㅋㅋ,0
오너 미쳤네,0
바론을 가야지 판단 뭐냐,0
오너는 원래 못해서 놀랍지도 않음,1
88이는 못하는 오리아나,1
레클 개간지다 ㄹㅇ,0
1세트 누가이김,0
쵸비한테 왜 자꾸 아지르 주는,0
시조새 뭣?,0
중국팀이 왜 lck에 있지;;,1
대 상 혁,0
디알엑스 홧팅,0
그러고보니 젠지는 순수무관이네;,1
씨맥은 이제 묻어버렸으면 좋겠군...... 이기면 기고만장해가지고,1
짜이찌엔지 컽!,1
또 제오구케 버스타네 ㅋㅋㅋㅋㅋㅋㅋㅋ,1
쵸없페왕컵,1
진짜 씹덕그자체다 포니,1
10상혁,1
바이퍼원맨팀 ㅋ,1
은호는 이마에 농사지어도되겠다 몇평이냐,1
8848이머임,1
ㅈ소 인디겜 수준 역시,1
1557때는 전령이 쌍둥이까지 갔음,1
존나못해,1
페미니즘 논란 팀 vs 중국 논란팀 ㅋㅋ,1
쭝궈 해킹범들 소행인가요?,1
1557,1
아 진짜 나도 40분 날렸다,0
눈나들 얼굴 가리지마~~~ㅠㅠ,0
lpl 따운!!!!!,1
바론애무만하네 바론싸겠다,0
티원 찢기는거 보니깐 속이 뻥~,1
클템 발악 ㅋㅋㅋㅋ,0
1557 안막는게 AI가해서 그런가?,1
요네 좀 하면 안되나,0
ㅋㅋㅋㅋㅋㅋㅋㅋㅋ뭐고 아직도 하고있노 ㅋㅋㅋㅋㅋㅋㅋㅋㅋㅋㅋ,0
주말에 쿠팡알바하는 레전드 인생 ㅋㅋ,1
패배,0
ㅁㄷㅊㅇ ㅌㅊㅇ ㅈ되네 ㄷㄷㄷ,1
맥반석계란ㄷㄷ,0
오리아나 패배지분율 90퍼ㅋㅋㅋ 용한타 노스펠인데저기서 갈린다고ㅋㅋ?,1
한화에 웬 탐켄치 실사판이 있냐 ㄷㄷ;;,1
1557 벤치 15:0 뮬로켓,1
바선생이 다 했구만,0
"팩트:쵸비는 월즈 기록이 88848. 페이커의 발 끝에도 미치지 못함. 비리비리한테 3ㄷ2로 발리고 설레발떨다가 lpl 공식 중계진한테 조리돌림 당하고 ""영토의 무결성"" 을 외치며 스스로 lpl이 된 팀. 따이 후앙 찌엔ㅋㅋ 지금 쵸비>페이커라면서 1557거리는 분들은 전부 다 자신이 중국인임을 알리고 동북공정을 지지하시는 거죠? 조선족, 간첩이나 다름없네",1
하체에 불지른거지,0
꿀젬지,0
셔메이캌,0
팩트) 젠지는 중국팀이 맞으며 젠지를 응원하는 사람 대부분은 조선족이라는 통계가 나왔다,1
오이 ㄷㄷ,0
자리 해라 ,0
징크스 아무도 안봐주네 ㅋㅋㅋㅋ 딮기 답없다 ㅋㅋㅋㅋ,1
해설은 라이브임??,0
?? 트롤하냐..?,1
88848,1
티원경기에서 이렇게 될때까지 못고쳣다니 협회는 쓰레기내,1
ㅋㅋㅋㅋ롤판에 시그니쳐 챔이어딧냐 멍청한거냐 뭐냐,0
롤이 망한다면 이유는 디도스따,0
 오늘은 죄우스 네 ,1
젠지 팬분들 분탕 그만해주세요 ㅜㅜㅜㅜㅜ,1
오늘은 아터지게찌?,0
여자친구 구함.,0
광동이 좋아보이는데? 또 주도권털릴거같은디,0
베리릴 말랐을때 개 잘생김,0
롤 10년도 넘은 틀딱겜이다 이참에 롤접고 생산적인 일 하자,1
머가 어설프냐,0
농심도 노답 fox도 노답.....,1
오더 왜 이따꾸임?,1
1557-88848,1
최원빈김래현화이팅!!,0
제카는 진짜 아지르못한다,1
1557 ㄲㄲㄲㄲ,1
1557 1557 1557,1
88888888888,1
끼이이이이ㅣㄴ!,0
LCK회장님 웃고계시니 내비둬,0
lck언제부터 중국이랑 대회함?,1
ㄹㅇ 따이후앙비 VS 한화생명 ㅇㅈ,1
어제경기 젠티 역대급노잼이였지 1군vs3군급 노잼경기,1
와앀ㅋㅋㅋㅋ,0
"클템 없으니까 각 종 합성어,줄임말, 억지 비유, 정치 비유 안들어도 되니까 좋다. LCK는 작가가 가이드라인도 안내주노 클템처럼하니까 그들만의 스포츠로 만들지ㅋㅋ",1
88848,1
무생무치는 뭐임 ㅋㅋㅋㅋㅋ무색무취말하는거겠찌?,0
퐐퐐퐐사퐐,1
아 광고 앰,1
변명은 역시 그슼갈,1
세나 나올때마다 cs 드립은 진짜 질리노 ㅋㅋ,0
님들 lck 디도스 오면 어케됨?,0
이 글을 읽고 10초 내에 채팅창에 88848을 입력하지 않을 시 이번 주 내로 큰 불행이 닥치게 됩니다. 시간이 얼마 남지 않았습니다… 10…9…,1
카리스 ㅆㅅㅌㅊ,0
제카<<<<코르키를못함ㅋㅋ,1
1557 vs13.0,1
카리스 넌 나가라,1
피넛 진짜 뒤지게 못하네,1
똥카 ㅋㅋ,1
함예진 어디감?,0
태윤지원금,0
제우스 미쳤네,0
데프트는우승자출신인데뭔 8강딱이라노,0
솔?,0
아니 한화가 1세트내주는게 이상한거임 광동이랑 갭차이가얼만데,0
애들 티원 왤케 싫어하냐 ㅋㅋㅋㄱ 개웃기네 팬이 다 그러겠냐고,0
ㅋ ,0
디도스 괜찮ㅅ을려나,0
뭣이라,0
ㄹㅇ 농심은 그냥 호감이야 ㅈㄴ응원하고 싶음 ㅋㅋㅋㅋ,1
젠지자멸컵먹어서 좋겠노 펙트는 젠지만 만나면 주인님..와들와들모드on,1
쓰레기경기 한세크더봐야되네 아,1
티원 이거 지면 몇개월째 지는거임? ㅋㅋㅋㅋㅋ,1
푸씨,1
염병한다,1
핫생녹,0
ㄹㅅㅋ도 개못하는데,1
안이,0
미드 POG라는 애들은 겜본거맞음?,0
분대가 왜 지들이 분석을 안하고 코치한테 답지를 쳐물어보고 있냐,1
세스 다 밴이네,0
유출드립 그만치고 쳐자라,1
미드차이가 너무 많이 난다 진짜..,1
제우스 왕귀해서 미드 봇 똥치우는 그 패턴 그만 좀 보고싶다... ,1
1557 x 1557 = 3006974,1
노틸이 나 죽여 했는데 정작 다른 캐가죽엏ㅇ네ㅋㅋ,0
ㅋㅋㅋㅋ,0
ㅈㅈ,0
lpl젠지 잘하네,1
씨드백해도 이멤버로 알아듣겟냐 그리핀아니라고 ㅋㅋㅋ,1
팩트 티원은 젠지한테 쳐발림 ㅋㅋㅋ,1
젠지 롤드컵이나 우승해봐라,0
이따구로 할꺼면 그냥 처음부터 꼬라밖고 교전유도나 하지,1
ㅋㅋㅋ 바로 10등의 품격 나오네 브리온 딮기가 실수좀 했다고 잘하네 뭐네 하는 브리온 팬들따운!!! 다음 광동이랑 만날때 기대해 브리온 ^^,1
어차피 우승도 못할 것들이 발악을 하네,1
아까 누가 광동 다시 태어낫다고 역배 조장햇냐ㅠ,0
888룰8,1
슼갈들은 질병이야..형들. 너무 뭐라하지말자.. 아픈친구들이잖아 ㅋㅋ,1
ㅋㅋㅋ재밌었다,0
이제 그만 트페 코르키하고 제대로 하자 이길만하다 충분히,0
ㅇㅈㅇ,0
제우스 라인ck에서 원딜하다 망하지 않앜ㅅ나 ㅋㅋㅋ,0
"표식 팬타 해카림,비에고 킨드레드로 함",0
E도 못찾추고 라스칼 쳐 던지네,1
시청자수.. 처참하네 뭔가....,0
바이퍼 역대급 플래그 세웠네 ㅋㅋ,0
딜라이트 티원유스,0
퍼펙트가 좀 갈팡질팡하네,0
짜이찌엔지 88848,1
이런 딥기랑 대떡을 간 그 무관팀...,1
통새우만두 듀갈임,1
걍 20분뒤에 쳐와라좀 징징대지말고,1
아니 왜또블루야 기인 5픽해야 이긴다늗네,0
라스칼은 애초에 잘한적이없음,0
지우 너무 못해 요즘,1
DRX는 진짜 ㅋㅋ,0
용준이야 말로 월급 루팡이지 뭔소리야,1
고구마무스야...,0
우틀안 할만하긴 해,0
이름이 방광이냐 오줌누는 소리하네,1
난 ㅈ밥대전이 땡겨,1
킹겐ㅋㅋㅋ,0
티원2군 정글탑 ㅈㄴ 못함 ㅈ됐다,1
2023에 멈춰있는 팬으로써 좀 심란하네,0
88848,1
아 좀 3세트 시작해라 또 디도스탓 처할꺼냐,1
오너가 오늘 쓸어버리네 ,0
카리스 뭐하나 ㅋㅋㅋㅋㅋㅋㅋ,1
커즈가 불쌍한 이유: 저런 표식도 팀이 북미였을땐 8등딱이었다. 저런 러지 팀이면 정글이 캐니언 오너 피넛 카나비여도 못이긴다.,1
조합 dk가 좋아보이는데 요즘 lck가 바뀐건가,0
베트남 해설읕 좀 빼라,0
ㄹㅇ 바론 맛있게 먹는다,0
중계시간을 맞추기싫어서 안맞추냐고 사정이있어서 그런거지 막말로 공짜로보는 니가뭔데 시간맞추래 공짜좋아하는 구지깽깽아,0
티원 걍 제우스 아트록스 원툴임 거품 싹 빠졌노 원딜 정글 선발교체해라 존나 못하네,1
오나르 피오지,0
커재앙 수준에도 약팀에 가면 원장롤이 되는구나 ㅋㅋㅋ,0
88848의 그4도 상대가 DK여서 올라간거임.. 레알 내수전용,1
광동은 그냥 ㅋ 답이없노 재능없는 프로게이머가 최대한으로 노력했을 때 부딪히는 한계를 그대로 보여주는듯 ,1
대 상 혁,0
어 팔팔이형이야~,1
어 88팔이 형이야,1
상혁이형빼고 나가있어야되는 경기였는데 ,0
gg ㅋㅋㅋ,0
불독도 버릴때 됐다,1
브리온은 빠따치는거 도입해라,1
쵸비는 신이다,0
4용 왜줌? 카리스가 어차피 던지는데 4용먹지,1
엄,0
오메,0
드릉드릉 출발,0
저희나라 중국팀 젠지 파이팅!! 저희나라 선수들 파이팅!!!,1
콜미도 괴못하는데 콜미한테 미드차이 내는 카리스는 도대체 ㅋㅋㅋㅋ,1
뻘궁 ㅋㅋㅋ,0
징크스 탐켄치 예상하고 자르반픽 준비한거같은데,0
중국팀 왜빨아줌 simple dark?,1
유 튜브,0
분석데스크 어디감,0
한화한테 지고 왜 묻지도않은 옛날성적을 상시 도배하면서 젠지를 찾나요? 슼갈은 사실 젠지가 너무 그리운건가요?당장 한화 담원 한테이길지도 장담못하는데 본인팀 걱정안하나요? (진짜모름),1
ㅋㅋㅋㅋㅋㅋ 낀낑이 vs 무지성 T1 대결이네 ㅋㅋㅋ 어 쵸비가 다 캐리해서 끝나 ~ 슥갈들아,1
대 정 훈,0
광고,0
"젠지 리그우승말고 뭐있음? ㅋㅋ 젠지팬들 순위에 목매네 국제전 광탈하는 젠지팬들 맘아프겠네 리그에서만 우승해봐라 우물 안 개구리지 ㅋㅋㅋㅋㅋㅋㅋㅋ 이거보고 흥분해서 1557 ,T4쳐봐 니넨 중국인이고 888488 이니깐 ㅋㅋㅋ 불쌍하다 ㅋㅋㅋㅋㅋ 어떻게든 페이커 흉볼려고 그러고 니네 인생이나 잘살아라 ㅋ",1
씨맥 명장병인가,1
젠지가 왜 월즈 광탈하는자 알려줌,1
ㄴㅈ,0
?,0
대상혁의 호적수는 쵸비뿐이다,0
클템 밑 다 입다물어.....,1
으 라 차 차 킹 겐,0
티원역사 올해로 막내린다 ㅇㅇ 바이퍼 못데려오면 느그들은 거기까지임 어차피 미드는 못바꾸잖아?,1
역시 중국어는 젠평~,1
1557,1
대상혁 오늘 개똥싸실예정,1
응 88848,1
열등감에 쩌든 젠갈들 디도스 공격 멈춰라. ,1
줄경사네 ,0
좋밥게임은 안건답니다,1
"쇼메이커는 메이킹을 못하는 노메이킹 , 켈황은 하드 쓰로잉의 대가 디플러스 기아의 마스코트들을 지지 합니다",1
국제전 망신준 젠첩들은 나가주세용 ㅠ,1
생방이에요~ 서버따로 만들었음 어그로 끌리지마셈,0
ㅋㅋㅋㅋㅋㅋ,0
젠지팬인데 88848이라고 그만 놀려주세요,1
저걸 왜 침 걍 빠졌으면 살았을지도모르는데,0
헤나가 도망간거임,0
젠지 국제전 나가면 죽쑤는데 그냥 내일도 지자,1
다섯글자로 웃겨준다 앵그리티원 ㅋㅋㅋㅋㅋㅋㅋㅋㅋㅋㅋㅋㅋㅋㅋㅋㅋㅋㅋㅋ,0
"우디르를...,",0
5명 다 실실 쪼개네 쳐 발려놓고 ㅋㅋㅋㅋㅋ,1
두팀다 선수들 클라스는 쩌네,0
테스터훈 농심이노,0
1557,1
티한젠 3강에결승전은 결국 한화 vs 티원 확정이네,0
미드 4밴을 때리네,0
1557,1
페이커는 언제쯤 못해지냐,0
? 오너는 왜 쓸데없이 어슬렁 거리다 죽냐. 트롤임?,1
세체미끼,0
ㅋㅋㅋ 시부레 3대0 아니여서 정말 깊은감사ㅎ,1
제카쉑 하는게 없노,1
어 팔팔이형은 좀 나가잇어~,1
미쳤네,1
롤 최고의 씨씨는 에어본이지 모르면 롤 알못,0
모의고사 맨날 잘 치면 머하냐 수능때 쳐 말아먹는데,0
여기서까지 싸우는 사람들은 도대체 어떤 삶은 살고 있는걸까 진짜 응원한다,0
제발 사람들아 아는 숫자가 14578 밖에 없냐고....그만하자 ,1
딮기보다 못하는 티원,1
롤드컵 4강직전에 대기실에서 페이커랑 꼬감독이랑 멱살잡고 싸우면 누구 잘못임?,1
ㅋㅋ켈린은 진짜못하네,1
제리 유미?,0
갓케리아,0
????,0
걍 테디 캐리로 drx가 이길거 같은데,0
ㅈㅈ,0
ㅅ ㅣ발 무슨 댓글 흐름이 3초마다 바뀌녀,1
디도스 그만해주세요ㅠㅠ 젠선족분들ㅠㅠ,1
이게 LPL ,0
대황비 ㅋㅋㅋ,0
팡희 힘내라,0
캐니언... 개슬프네,0
캐년 행복해보이네...,0
탐켄치 모하노??,0
궁금한데 젠지는 왜 LPL에서 안보이나요?,1
888888,1
킹겐....,0
미래에서 왔습니다,1
대 황 비,0
1557\,1
ㅋㅋㅋ 젠지 어처피 국내만 깡패 ㅋㅋ,1
터졌다,0
롤드컵 왜이리 노잼됐로,0
1557,1
진짜 존나 부끄럽케 ㅋㅋㅋㅋ,1
10년만에 나타난 마타의 뉴네오 탈수기 ㅋㅋ,0
바텀 2원딜이 대세??,0
88848,1
초반 2킬 먹은 트타가 하는게 아무것도 없다,0
케리아 그팀팬들이 욕해서 그럼 ㅠㅠ,1
애초에 경기 얘기도 안하는건 젠지팬임 이와중에도 슼만 욕함 쟤들은 팬이 아님 그냥 티원까기용 가면임,1
그게 아니고 에포트가 다 망치고있던거지,1
^벤치^,1
탑 상륙작전 ㄷㄱ,0
88848 땜에 퍼즈느 점;;,1
"DRX는 플이 다있고 KT는 플이 다없어서 바론자체는 칠만했어. 신짜오쪽 안봐주니까 체력관리 안된게 문제고, 바론을 끝까지 친것도 문제임",0
ㅇㅅㅇ하면 뒤진다 진짜,1
88848,1
플퀘 함 가자,1
형이야~,0
윤수빈 진짜 너무 예쁨 ,0
!호랑1이,0
윌러랑뜨면 너가 개발림 ㅋㅋ저라뎃부터 쳐바르고 와라 ^^,1
편파 해설 바로 고치노 ㅋㅋ 쫄리제,1
또던져 ? ㅋㅋㅋㅋ,0
졸라 빡친 티원 ㅋㅋㅋㅋㅋ,1
엄릴이 아니라 카루마 플뺏는데 롤알못련들 ㅋㅋ,1
박망파,0
보안의 중요성,0
씨맥 또 선수들만 ㅈㄴ 패겠네 ㅋㅋㅋ,1
아아악 LPL의 호랑이 줴엔지가아아악!!,0
1633,1
페이커 개잘했다,0
오피셜)LCK측에서 발견한 핑이슈는 젠지측의 Didos 공격으로 인한 문제발생이기에 이에 따른 조치로 젠지의 승점몰수 및 플옵자격박탈///오피셜)LCK측에서 발견한 핑이슈는 젠지측의 Didos 공격으로 인한 문제발생이기에 이에 따른 조치로 젠지의 승점몰수 및 플옵자격박탈///,1
젠지팬들은 마라탕 드시러가주세요~,0
몬가 슬프다 에포트 왜이리실력이 줄었냐 ㅠ_ㅠ;,0
왜 시작 안함,0
진짜 롤하는애들은 지능이낮은게 보임. 광동 취소면 어떠한 공지도없이 취소하겠냐. 제발 뇌가있으면 사용좀 부탁드림,1
똥카,1
커즈 트롤이냐...,1
채팅은 진짜 더럽네,0
가루라면 십 ㅋㅋㅋㅋㅋㅋ,0
와 디도스때문에 연습힘들어도 딮기는 워낙쉬워서이기네ㅋㅋㅋㅋ,0
ㅇㅅㅇ,0
이래도 솔킬 14대0은 안나오네,0
미카엘 ㅈㄴ 잘쓰긴한다,0
재밌다,0
트타님?,0
젠찌엔 짜요!!!,1
88848-212,1
진짜 미끼 대 상 혁 ㅁㅊ,0
혀에 꿀발랏나 ㅋㅋㅋㅋ,0
식물인간 드립 개웃기네 ㅋㅋㅋ,0
접대롤 ㅋㅋㅋ 티원이 징징대면 상대팀은 접대해야됨 ㅋㅋㅋㅋㅋ,1
젠지는 어떻게 강팀이 되었는가,1
지우야 해냈구나...,0
아무리 전캐를 팩트로 비판해도 성역화하는 감성충들은 받아들이질 못함 ㅋㅋ,1
불>쵸>페 ㄷㄷ,0
윌러는 지 cs 쳐먹은거밖에 없는경기였다 ㅋㅋㅋㅋㅋㅋㅋ,1
오너 너무 던지네 오늘 ㅋㅋ ,1
반응 봐라,0
근데 이런 의미도 없는 ㅈ밥팀 ㅈ밥대전은 왜 보는거냐? 이해가 안가네,1
베이비 코르키~,0
쇼메이커 좀만 더 노력하면 카사딘 쵸비만큼 할듯 ㅋㅋ,0
어차피 젠지는 전술이,0
머하자는건지 ㅋㅋ 진짜 저거 1군맞냐? ,0
서폿하나에 팀이 이렇게 무너지네,0
지우 기대된다,0
와 클로저 진짜 못한다 뭐하냐 ㅋㅋㅋ,1
진짜 ㅋㅋ,0
88848,1
(공지) T1팬들은 전부 나가주세요!! 오직 한화팬들끼리만 즐기겠습니다.질서있게 퇴장시작할게요.참고로 저는 젠지팬입니다!!!,1
와 플 예측 지린다,0
케리아 똥마려웟나봐,0
1557이 뭔가요?,1
진건 농심인데 화난건 대황젠 ㅋㅋㅋㅋ,1
주인장 여기 19금 걸어야 할듯요...,0
dk 운영은 진짜 안고쳐지네,1
똥겐 ㅋㅋㅋㅋㅋㅋ,1
근데 이건 오너 맞는듯,0
습관성 치매 라스칼...,1
충격파 쿨 개빠르네 걍 막질러도 괜찮ㄴ은듯,0
티원을 화나게하지마,0
1557이 머임?,1
따이요,1
킬 좀 그만 처먹어라 똥릴!,1
그럼 1세트 안끝나게 하겠네 ㅋㅋㅋㅋ,0
0-3,0
ㅋㅋㅋ,0
대 디 디,0
토스 대박나도 이정도네,0
무관 땅굴 ㅋㅋ,1
"""이겨""",0
중국 젠지랑 무순일인가요,0
아 제카 ... 진짜..,0
엄로저,0
아니 노틸벤을 도대체 왜안해 항상 티원 진판에서 거슬렸던거 맨날 살려놔ㅡㅡ,0
진짜 골따기 아니다 골따기도아깝네 걍 브론즈 탑베인 보는거같음 스펠 쓰는거보면 ㄷㄷ,1
아 답답해,0
에이밍 스태틱 삼 ?,0
대 황 한 화!,0
흐웨이는 저렇게 죽여도 딜이 장난없네,0
펙트: 구마유시는 페이즈 lck우승할 나이에 연습생이였다,0
"쵸비,페이커 욕하면 니들 인생이 바뀌냐?",0
1557 0 0 13 벤치혁 홧팅~!~~!!!,1
맞음ㅋㅋㅋㅋ 티원 우승 개운빨이고 젠지가 8강에서 이겼으면 웨이보가 우승했음ㅇㅇ,1
그래도 여기는 ㅇㅅㅇ치는 사람 없어서 채팅창이 클린하네,0
이러고 국제전 또 8...은 아니지?,1
우틀않 고고혓,0
진짜 개 못 하긴 한다. 36분 되가는데 이게 해설할만한게 있냐,1
888룰8이리께 ㅋㅋ,1
우리가족 행복하자,1
도란은 진짜 팀원빨로 커리어 쌓은게 맞다니깐 ㅋㅋㅋㅋ,0
88848,1
역시 티원,0
조작시작,0
중국팀한테 또 지네 티;원?,1
잭필패의 패배의 기운이...,0
88이 레클레스한테 절해라 롤드컵준우승자이시다,1
표식개자라너,0
새삼 롤드컵 우승 한번도 못한 초비가 괘대평가 받는게 참 대단하다고 느껴지네~~,1
아,0
오늘 누가 이겨도 어차피 한화선에서 정리되는데 젓1밥대전갖고 싸울필요들 없어요 형들;; 오늘 누가 이겨도 어차피 한화선에서 정리되는데 젓1밥대전갖고 싸울필요들 없어요 형들;;,1
7년차 신인 또 기어 올라왔네,0
88848은 쵸비선수가 페이커선수를 상대로 낸 킬 수입니다,1
아.. 진짜 개답답하다,0
미래에서 왔습니다 한화가 역스윕으로 스프링우승입니다,0
그미드는 포탑만 깔아도 추앙받노 ㅋㅋ,1
중국젠주빈들 무서워 ㅠㅜ,1
포킹에 쥐약인 제리가 딜각이 나올지 모르겠네 유미랑 달리 밀리오라서 밀리오 한테 포킹 계속 날리면 답없는데,0
개발렸네,0
배리나..엄청 이뻐졌던데,1
한화한테 잘 처발려라 티원아ㅋㅋㅋㅋㅋㅋㅋㅋ,1
근데 베릴은 이적해도 배신자 소리안들었는데 캐니언은 졸라게 욕처멱누..ㅋㅋㅋㅋㅋ,1
ㅋㅋㅋㅋㅋ아니 너무 타이밍이 지고나서 롤리나잇 요약이ㅜ,0
그래도 티원 대응 잘한편인듯,0
대리아 ㅋㅋㅋㅋㅋㅋㅋㅋㅋㅋㅋㅋ,0
톰버지가 밴픽해라 !! 정균아 너는 총감독해 ㅠㅠ,0
티원이 공정성 드립치는게 역겨운점 직관 익룡들 몰래바론 부쉬 티원한테 불리할 땐 소리질러서 귀맵으로 위치 알려주는데 익룡들 제지는 안하고 디도스 핑계만 댐 그냥 역겹기 그지없다.,1
오늘 피넛이 뽀삐한테 무작정w박고 강타지고 맛이 갔는데,0
진짜 개노답이네,0
팔팔팔사팧,1
우리 젠지 잘한다!!!!이제 중국만 이겨보자!!,0
dk가 만만하냐?!,0
DK화이팅,0
표현야무지네 ㅋㅋ,0
1577 2등딱 T2 화이팅~ ㅋㅋ,1
씨맥이 잘못인가 암만봐도 바텀이 그냥 개못하는데,1
88848,1
팔팔이형..,1
제카 존재감 0이네 진짜 미드차이가 너무 심했다,1
절약왕,0
루시드 깡 ㅈ되네,1
야미야미,0
한중전 드가쟈,0
오너 치팅데이 챙긴다고 반차내고 빠진게 실화입니까?,0
쵸비는 나랑 똑같은 국제전 무관임,1
페이커는 방좀빼라 양심도없나,1
페이커는 또 증명해야해 ㅋㅋ,0
아까 페이커가 던진게 줭나큼 ㅋㅋㅋㅋㅋ 대상혁,1
와 레전드ㅋㅋㅋㅋㅋㅋ이걸 지금하네,0
88848,1
근데 팀 160은 본인 장비도 아니고 피방에서 하네,0
미드 서폿 더럽게 쳐못한다,1
란,0
열등감은 슼황 ㅋㅋ,1
1557-0013 이라는 채팅은 자제 부탁드립니다.,1
대리아 혜지 시키지마라,0
콜미가 먼저 똥쌈 ㅋㅋ,1
1557 ㅋㅋㅋㅋㅋㅋㅋ T1 팬들 잘가요~~ ,1
골드차가 없는데?ㅋㅋ,0
페이즈 트롤인가 cs뭐냐,1
아까까지 이기는 판이었는데?,0
엄 앵 란,1
이즈 한타에서 q한번 상대 맞췄냐?ㅋ,0
1위확정 ㅋㅋㅋ 티원 신라면딱하고 슼갈들 분노하는거까지 보고 자야지,1
ㅈㅈ,0
?,0
88848급인데 광동 ㄹㅇ? 처참하누 ㅠㅠㅠㅠ 울 페이커는 롤컵우승했는데 누구는 5년동안 88848이라..흠~~~페이커의 최저점이 누군가의 최고점이라 흠~~~,1
죶비치면 신고합니다 신인6년차 무관그미드 어워드벤치라고 놀리지마세요 차도 죶고 숙소도 죶은데 별풍 마니 싸주세요,1
하..,0
골드 찍고 입털어 tlqkftoRlemfdkㅋㅋㅋㅋㅋ,1
그팬들 간혈적 발작일으키네 진짜,1
뭔딜량이 4.7이냐,0
또 스테틱 원딜 메타인거냐ㅣ;;;,0
88848이 불편하면 문제가 있는겁니다,1
얘네 뭐하냐?,0
일단 세나..를 올려놔,0
(하늘이 우릴 돕는데?) 88848,1
미드 무료로드리게스,0
따이후앙비 ㅋㅋㅋ,1
888488이 뭔가요?????????ㅋㅋ,1
젠지랑 같이라고 야랄하는 애는 뭐노,1
아니 왜 용 안먹는데\,0
정화 왜써..,0
잘생겼다,0
개소리하지마라 무슨 쵸비가 페이커를 패냐 반대로 페이커가 쵸비 소릴 14번 땃다 쵸비는 페이커상대로 솔킬딴적도없고,1
젠지는 중국에게 8연패 중입니다~(진짜앎),1
도맘들 컷 ㅋㅋㅋㅋㅋㅋㅋ 제도기두는 무슨 도란은 빼라 진심 무관따리가 왜 제우스 기인이랑 비빔 도맘들 수준 ㅋㅋ,1
슼갈분들 화내지 마세요 ㅠ,1
중국팀응원하는애들도 있구나,1
킬 좀 그만 처먹어라 똥릴!,1
88848이 입터네 ㅋㅋㅋ,1
퍼펙트가 크산테로 제우스 럼블한테 개쳐맞은거 그대로 보여주네 ㅋㅋ,1
1557이 뭐냐면 페이커가 2019년도 제우스 카나비 룰러 케리아라는 슈퍼팀을 데리고 롤드컵 결승에서 쵸비한테 15분 57초만에 패배한 경기를 말합니다.,1
?머임,0
방금판 아우솔이 고혈빨고 ㅈㄴ 못했는데,1
이거 쵸비 달라는 애들은 양심이 있냐?,0
진짜 소수의 여자 티원 팬으로써 1557 치면 제 아는 일진과 인맥으로 다 처벌하겠습니다.,1
바론판단으로 한방오브한방에 겜이 터져버렷다 ㄷㄷ 결국 저 젠지식 눕롤 또 못 뚫엇다,0
롤드컵인가요?? 왜 중국팀이랑 경기하고있나요??,1
아까 누가 다이아 드립하잖아 카리스가 프로에서 낮은 레벨이지 다딱하고 비교하고 있네..;; 시바 역시 온라인 여포들..ㅋㅋㅋ,1
건죽간 ㅋㅋㅋㅋ,0
미드차이보단 정글차이지 ㄹㅈ들아,1
죄송합니다 티원팬인데 너무지겨워서 못하는 쇼메욕하면서대기중이였읍니다:face-purple-crying::face-purple-crying:,1
허수는 고혈캐좀하자,0
ㅋㅋ지금 시작한다면서 진짜 전 존나 굽네 싸대기마렵게,1
지금 왔는데 도란 오늘도 또 움?ㅋㅋㅋㅋㅋㅋㅋ,0
10분남았넹 한남들 벅벅긁으면서 기다릴동안 난 씻고 팩하면서 더 미모돼야겠다,1
깡통용먹으려고 겜내주는팀 ㅋㅋㅋ,0
바이퍼 무빙 ㄷ,0
녹화 방송이라고 병toss들,1
익룡들 날뛰겟네 ㅋㅋㅋㅋㅋㅋ,0
눈이 썪는것 같아,1
kt는 거품이 아니라 애초에 고평가 한 사람이 롤알못임ㅋㅋ,1
리그 우승하고도 매번 월즈 8강 ㅋㅋㅋ,1
타팀 까내리는건 슼평아님?,1
꼬감 화이팅 ,0
오너 결국 2군한테 밀렸노..역시,1
1557 화이팅,1
젠피팬으로서 쵸비 무관 인정합니다..,1
태윤이 그동안 그렇게 못함?? 어느정도로??,0
디도스 ?,0
88848 좀 그만 말해주세요;; 그냥 경기봐요,1
짱꺠들은 알아서 거르자~,1
익룡 존나 시끄럽네 ㅋㅋ,1
밴픽 누가 이긴거임?,0
^기프트^,0
와,0
게임을 하면 평가가 내려가는 대황딮,1
불독 존야 좋았다,0
좌좀식 마인드 : 디도스 페이커 탓이다,1
젠지 없는 우승이라 빈집털이라고 하기에는 젠지가 8강에서 자멸했으니깐 지들 못해서 떨어졌으니 정정당당 아닌가,1
내려놓은 왕관 다시쓰러 가자,1
1557?,1
머 아직도 안하노,0
쭈압쭈압 대상혁 ㄷㄷ,0
그팬들 pog 쵸비 줄까봐 ㅂㄷㅂㄷ 거리누,1
폴루가 이거 물건인데?,0
불 아들은 불효자냐,0
똥카,1
원래 한화는 바닥에서 논다 야구든 롤이든 ,0
88848,1
롤도사,0
88848,1
헬로키티 픽 왜저러냐 너무 즐겜하는거아니냐 ㅋㅋ ,0
1747,1
중국팀이 lck 우승했으니 국제전 우승이기도함,1
구마유시 머리 크긴 진짜 크다 ㅋㅋㅋ,0
의문의 농심팬들 부들부들중 ^^ ,0
88848,1
젠첩 왜 이리 많지,1
뒷북은 켈황,0
젠지팬분들 1세트 이겼는데 왜이렇게 화나 계신가요..? 8딱8딱 거리시는 모습들 굉장히 안쓰럽네요...,1
엄디디랑 베릴 왜이러냐,1
상체 ㅈ망했네 ㅋㅋㅋㅋㅋ,1
제우스 승부조작임 ㄹㅇ,0
젠지 중국이나 가버려,1
프로는 F시작해 바보야,0
인생 업적이 티원 팬인 애들은 병원좀 다녀야 됔ㅋㅋㅋㅋㅋㅋ,1
젠지의무결성을 단호히 지지합니다. 짜요!,1
또 루시안?우틀않ㄷ,0
스몰덬ㅋㅋㅋㅋㅋ 우르곳 파이크 왜함?,0
딮기는 진영선택도 못하네,1
?,0
1557,1
퍼펙트 ㄹㅇ 방출안함? 쟤때매 kt힘을못쓰는데,1
딜 야무지게 넣네,0
오늘 옵저버 왜이러냐,0
개숏습이 팔팔이형보다 낫네,1
이거 페이커였음 그냥 개발렸을듯,1
게임이 노잼 운영하고있는데 해설이어케재밌냐 빡통들아,1
무관비가 무관인이유 ㅋ,1
켈황,0
T1 까는애들은 간첩아니면 가족중에 조선족 분명히있음 ㅋㅋ ,1
존나 스트롱...,1
아 오늘도 ㅈ밥 대전이네 잠이나 자러가야지,1
파묘 범인 김고은입니다.,0
젠첩은 항상 내로남불이 패시브,1
이렇게 해도 이기네,0
든버지 알콜성 치매,1
란도란도야... 바이퍼 비벼주면서 싸워보지,0
젠지도 BLG 익룡때문에 8강딱한거임? ,1
88848,1
구마 스펠 ㅋㅋㄹㅈㄷ,0
젠지팬 : 정상 / 젠첩 : 개ㄸㄹㅇ,1
와 금일 경기한다해놓고 기습경기했네 디도스범들 얼타겠네 역시 대황lck ㄷㄷ,0
대 똥 불,1
lpl 88848 내수용 지리네 ㅋㅋ,1
강약약강의 한국화약. 제발 2대 떡 빨리 끝내줘 다음경기 보게,0
쵸비는 진짜 ㅋㅋㅋㅋㅋㅋ,0
노틸만했니?,0
이래도 1557이 안나오네?,1
교도소 출소한지 3일됬습니다...1557하지마세요... 찾아갑니다 한다면합니다.. 조용히 게임즐기고 싶습니다.,1
이딴게 프로게이머인가요?,0
와 진짜 숨막힌다 ㅋㅋㅋㅋㅋㅋ,0
3강아님 티원 1황임. 젠지는 메타적응못함. 페이즈가 세나메타 못한다. 메타주도를 티원이하는데 젠지가 티원을 우째이기누?,1
ㅇㅅㅇ,0
1557 과거형 88848 현재진행형,1
대 상 혁,0
갔노..,0
아니 너무 의도가 눈에 띄노,0
대 황 란,0
현장예매 실패해서 다신 lck 안본다던 천안사는 노블아 왜 아직 보고있니,0
그래서 젠지 롤드컵 우승함??ㅋㅋㅋㅋㅋㅋㅋㅋㅋㅋㅋㅋㅋㅋㅋㅋㅋ 국내에서 패면뭐함 마땅한 성적이없는데 ㅋㅋㅋㅋㅋㅋㅋㅋㅋㅋㅋㅋㅋㅋㅋㅋㅋㅋ,1
구마유시는 ㄹㅇ 바루스 원툴이네..,0
티원 대악마 LCK에 없는건 팩트맞지? 반박시 롤알못 인증ㅋㅋㅋㅋㅋㅋ,1
이걸 막아버리네,0
숭배하라,0
킹겐은 그 미드가 없는 월즈우승있다 ㅋㅋ 킹겐이 ㅈ으로 보임?,1
^1557 - 0013 3:0 익룡귀맵 밸류조합으로 1만2천골드 앞서고 대주기^,1
농심한테 지는 그 팀 수준ㅋㅋㅋ,1
T1 젠지한테 3년째 못이기는중 ㅋㅋ,1
왜 티원은 젠지만 만나면 처발리나요 한판도 못이기네 ㅋㅋㅋㅋㅋ 그 버스 미드 때문인가요? 제오구케 해줘 딸각 ㅋㅋㅋ,1
거지 돼지라 그런듯,1
아 디도스 알빠노 돈벌어야돼~~ 1000억 꺼억~ 광고 꺼억~,1
세나하는데 cs 못 먹는다 타령하는 새끼들은 롤 접어라 진짜 ㅋㅋㅋㅋㅋㅋㅋㅋㅋㅋ,1
쵸비 피곤한가?? ,0
승부조작 매치 끝!!!!!,1
유쾌한 반란 ㄷㄷ,0
브론즈겜ㅋㅋㅋ,0
저거 광고비는 얼마일까??,0
경기는 젠지 담원인데 화난건 왜 슼갈? (진짜 모름),1
캐리아 씹 ㅋㅋㅋㅋ,1
1577 0013,1
그냥 찐따가 찐따한건데 관심주지머 ,1
쵸비 멘탈 나갔노 ㅋㅋㅋㅋㅋ,1
케리아 또 ㅈ같은표정짓고 잇겟네 ㅋ,1
어 88팔이 형이야,1
제엔지 짜응!!!하오 힘내라!LPL화이팅!!,1
진짜 다 이겨가는 게임을 이렇게 쳐 던지냐 이번 매치 지면 한동안 응원할 마음 사라지겠네...뭔 솔랭하는 것도 아니고 ㅈㄴ감정적으로 해 ㅋㅋㅋㅋ,1
대 상 혁,0
운영레벨 차이가 너무나서 초반에 킬을 개쳐먹지 않으면 절대 못이김 ,0
티원한테쳐맞고 drx한테 화내네 ㅋㅋ,1
지우 퍼펙 루시드 에포트 신인들 장난아니네,0
구ㅋㅋㅋㅋ원ㅋㅋㅋㅋㅋㅋㅋ,0
와 진짜 댓글 수준 토나온다 가정수준 보이네,1
근데 님들은 왜 찐따같이 게임가지고 싸움?,1
새로운 아나운서 들어온대매,0
1 5 5 7 - 0 0 1 3 - 한화에 3 대 떡,1
광똥은 저딴 팀한테 2퍀ㅋㅋㅋ,1
그 긴 거,0
삼성 젠지 맞다 ㅋㅋㅋ 그팬들 억까 못해서 안달이노,1
888룰8,1
쵸비 숙소 비밀번호가 88848 이었습니다. 현재는 바뀐걸로 암,1
대상혁 피지컬ㄷㄷㄷㄷㄷㄷ밴픽빨로 눕고 버스타는 조비랑 다르네ㄷㄷㄷㄷㄷㄷ,1
1557-0013,1
맹획견들 또 또 또 반란이네 ㅋㅋㅋㅋㅋ,1
T대떡 월즈우승팀 현실 = 젠지한테 13:0개처발리기 vs 한화한테 3:0 떡실신 처발리기 ㅋㅋㅋㅋ,1
아니 애초에 겜이 앙대~! 수상이력부터 달라~ LCK10회우승 월즈 4회우승하고 그담에 채팅치거랏~,1
콜미뭐함 진짜로..?,1
1557 13대0,1
한타 진짜 못하긴한다,1
헤나 화이팅 제발,0
닌바덤,0
디도스빨 한화 ㄷㄷ,1
런데도 프차비는 계속 올리고 해결하려는 의지도 안보임. 뭐했노 라코는? 1000억받고 인트라넷도 아니고 외부망 쓰다가 시험삼아 디도스 걸었는데 걸리고 있고 진짜 뭐했노? 그냥 답대가리가 없네 ㅋㅋㅋ 그저 설에 다 쉬는데 우린 일하고 싶지 않아 근데 돈은 받고싶어 드릉드릉해. 그리고 페미니즘 지지해서 남성유저가 다수인 게임영상에 드릉드릉 넣어. 뭐햇노?,1
1557-0013 호령 대리운전,1
그돈쓰고 88848도 신기록일듯 ㅎ,1
서부와 동부의 대결,0
서폿3표 머고 ㅋㅋㅋㅋ,0
구라치지마 무슨 프로경기에서 1557이야ㅋㅋㅋ 내가해도 1557은 넘김 구라ㄴㄴ ㅋㅋㅋ,1
토막상식:받는돈과 실력을 생각했을때 제일 가성비 떨어지는 미드는 쇼메이커 이다,1
1557 신난다~~,1
든버지 ㅋㅋㅋㅋㅋ,0
ㅈㅈ,0
와 리신왜죽었냐 ㅋㅋ,0
구마의손길,0
0013 1557,1
ㅋㅋㅋㅋㅋㅋㅋㅋㅋ벤치다운 경기력 ㅋㅋㅋㅋ,1
왕들스틱ㄷㄷ,0
든든,0
쵸비는 라인전 또 이겨? 지는 적은 있나 ㄹㅇ 상수값이네,0
아트록스 가야지,0
티원은 페이커 말고는 좀 더 발전하자,0
티원은 항상 범인찾기에서 미드는 빠지던데 그건 왜 그런건가요...? (진짜 모름),1
뭐야 태윤 아녁음?,0
축구 마냥 ㅋㅋ 리그 수준이 높아서 챔피언스 리그 우승도 아니고 꼴랑 한국 중국 몇팀 돌아 가면서 먹는거 가지고 ㅋㅋ 롤드컵 ㅋㅋ,1
ㅈㄱㅊㅇ,0
샤오미 젠지 쨔요,1
광동 왜캐 못해짐,1
크산테 ㄴㅍ,0
티원 경기답게 벌써부터 채팅창 드럽네 ㅋㅋ,1
노틸의신 폴루 ㄷㄷㄷ,0
아니 플을 왜 저기로 써..,0
젠지에 미드 정준하라는 중국 선수 있다는데 누구인가요????,1
루시안이 너무못한다,0
88848,1
역시 중국팀답다 젠지,1
대-상-혁,0
이걸 어케 아무도 안죽은거노 ㅋㅋ,0
딮기 운영 처참하다 저거 맞냐 ㅋㅋㅋㅋㅋㅋㅋㅋㅋㅋㅋㅋㅋㅋ,1
티원팬들이 티원선수들 애기라고부르는데 왜 타팀팬들이 발작질인거냐. 민석이 작고 소중하니 있는 그대로 말하는건데 케리아는 건들지마라 괜히 심술나서 심퉁부리지말고... 티원선수들도 스스럼없이 듣는데 제3자가 난리부르스,0
젠까들 100이면 100 다 슼팬임ㅋㅋ,1
쵸비 월즈 몇번 우승함?,1
리브샌박 걍 서렌 쳐라,1
88848,1
젠갈들은 지들행동은 정당한줄아나보네 한만큼 당하는거지,1
든버러지는그냥탱챔이나하지전판에똥산레넥이또하고있네,1
럼블 요네,0
젠지따운! 중국팀따운! 중국응호팀따운! lpl따운!,1
절대 깨지지 않는 기록 1557,1
ㅇㅅㄴㅅ,0
티원 나가고싶어서 일부러던지냐,0
미쳤네 케리아,0
근데 너넨 졌잖아 ㅋㅋㅋㅋㅋㅋㅋㅋㅋㅋㅋ,0
한화경기특이냐? 걍 경기가 개노잼이네..,0
티원 고장났는데 디플이 더 엉망이네,0
차가 좁아,0
칼바람 ,0
그팬이 역겹긴하거든요... 하는짓이랑 글쓰는거 ,1
킬딸은 켈황 ㅋㅋ,0
젠지는 5년이 아니라 빅뱅 이후로 한적이 없는데?,0
blg한테 안졌으면 젠지우승이였지~,0
와 근데 젠지 빠는애들은 진짜 중국인임?,1
내부자 유출이 아니라 라이엇에서 관리하는 사이트에 올라온거임,0
ㅋㅋㅋㅋ 페이즈 받을거라던 애들 입꾹닫 아 ㅋㅋㅋㅋㅋ,0
제카 도란 ㅈㄴ 못하네 ㅋㅋ,1
든든뭐함,0
씨맥은 결국 대황비빨인거 뽀록 났네 ㅋ 쵸비는 지금 명실상부 연봉 1000억의 월클 미드인데 씨맥지금 ㅂㄷㅂㄷ 중일듯 ㅋㅋ,1
와 반응보소,1
팩트 사람을 티원이랑 젠지경기만 찾아봄 ㅋㅋㅋㅋㅋ,0
초반 아지르는 아우솔 못이기는게 팩튼데 뭐라 씨부리노 다들ㅋㅋ,1
전용준 진짜 못들어주겠네 ㅋㅋ,1
걍쵸비보다 잘하는 사람 롤판엔 페이커박에 엄슴,0
흐웨이 = 제라스 상위호환,0
페이커 3000킬 드가자!! 롤드컵 5회 우승도 가자!! 중국팬분들 나가세요~그냥 ,1
근데 pog받으면 좋은게 있음? 왜 항상 억지로 그 미드한테 주는거임? 영업때문에?아니면 홍보? 왜 pog는 항상 정해져있지...이해가안되네 지금 이거 kt 광동 2세트 pog도 어짜피 페이커가 받겠지 ㅇㅈ?,1
 켈황 진짜 씹간지네,1
ㄴㅁㅎ,1
이래도 13:0이 안나오네,1
언제시작함?,0
88848 ㅋ,1
지금 롤 파크 라이엇피시방도 인터넷나감 피시방사람들 다 게임중에 맛탱이감,0
그저 ㅋㅋㅋㅋㅋㅋ joat,1
이쪽 다먹혔는데 ㅈㄴ 안일하네,1
단 한번을 라인전을 못이기네 미드는,0
젠지는 lck잖아여 ㅋㅋ 병아,1
현 시간브로 어쩌구저쩌구 찌엔찌엔,1
카리스좀 버려라,1
파가니니 노래좋누,0
코르키한테 일단 궁,0
어 팔팔이형이야~,1
ㅈㅈ,0
88848 ㅅㄱ 고소 되겠냐 8월8월8월4월8월,1
아 정신차려보니까 또 만골차이야,0
아래가 더 치명상,0
세나 있었음?,0
퍼즈 이유가 뭐임?,0
채팅 진짜 가관이구나 ㅋㅋㅋㅋㅋㅋㅋㅋ,0
따이 후앙 지엔,1
아지르 템 왜저럼?,0
젠도스 지린다,1
제일 잘 하는 미드는 당연히 롤드컵 최다 우승인 페이커 선수님이죠?? 네 뭐라구요? 무관 쵸비거 제일 잘 한다구요?? ㅋㅋㅋㅋㅋㅋ,1
원딜만 바껴도 광동에 더 쌔겠네ㅋㅋㅋㅋ,0
뽀록 젠없컵먹고 낭만 재계약 떠들더니 광^탈^ ㅋㅋㅋㅋㅋㅋ 그 미드는 안된다니깐?,1
안 죽고요 ㅋㅋ,0
88848 88848,1
88848,1
T1 루시드 가보자,0
1557,1
졌네 ㅋㅋㅋㅋㅋㅋ,0
1세트때 잠깐 뜨던 폴루도 2세트때 결국 범부행 당했는데 아직도 브리온 응원하는 호구들이 있냐 ? ㅋㅋ 어이없네,1
킹겐이 아군보호를 못해주노;;,1
유출 어디가 이겼다고 뜸?,0
티원 ㅎㅇㅌ,1
우는거 지적하는 애들 다 사라졌으면 ㅋㅋㅋㅋㅋ 그냥 보면 되지 지적질 ㅋㅋㅋ 더럽다,1
구리 vs 너구리 vs 개구리 누가 젤 노답이냐?난 구리같음,0
